file,class_index,score
datasets/dataset/train/0028e49b-4e02-4ed1-b9c6-550f43e08a78_aligned.jpg,0,0.9997945427894592
datasets/dataset/train/00dd301c-c6c7-4fca-b7c6-30311a9c816c_aligned.jpg,0,0.9999566078186035
datasets/dataset/train/0107d7c0-d826-40a7-8a5f-3fd14181b28f.jpg,0,0.9987208247184753
datasets/dataset/train/015a6379-065e-4ce3-a2e5-81d96056f166.jpg,0,0.9540857076644897
datasets/dataset/train/01add812-5843-4f75-a2fa-94d82a6700f8.jpg,0,0.9818971753120422
datasets/dataset/train/01d44f82-90ca-4357-8b93-2d851694817c_aligned.jpg,0,0.9994633793830872
datasets/dataset/train/0347dec7-b0a0-4359-8f8b-fd37ab6f7709.jpg,0,0.9965624213218689
datasets/dataset/train/04484679-58bb-4afb-bc01-aed448983e03.jpg,0,0.9996106028556824
datasets/dataset/train/05293e08-e874-4e92-af5d-9af06a0cc599.jpg,0,0.999842643737793
datasets/dataset/train/0558e3dc-d8f2-4c31-8404-c083be2c049f.jpg,0,0.9983798265457153
datasets/dataset/train/05b82b68-d29f-4d2a-bef2-ad1f0a277114.jpg,0,0.9592416882514954
datasets/dataset/train/08166a23-0aaf-4015-9725-b39f504f773f.jpg,0,0.9980980753898621
datasets/dataset/train/0881dbd9-7fde-4113-84ef-bc03ffa0d149.jpg,0,0.9999535083770752
datasets/dataset/train/098f7def-c73c-4d06-b7ce-a115cb8f005a_aligned.jpg,0,0.9999086856842041
datasets/dataset/train/099680da-79e4-49f2-8a28-f1120ab43ebe.jpg,0,0.9947342872619629
datasets/dataset/train/0a2c1dcf-9676-40fc-8aad-61b5266e3891.jpg,0,0.9563784003257751
datasets/dataset/train/0a553170-011b-41ad-b546-0e503f90d519_aligned.jpg,0,0.9996954202651978
datasets/dataset/train/0a5facb8-10bf-4e47-9fa2-3d22ea409648.jpg,0,0.9957441687583923
datasets/dataset/train/0af3d883-33ca-4be5-a603-2171e310e9bc_aligned.jpg,0,0.9997757077217102
datasets/dataset/train/0b1be356-742a-4483-bb0b-c02e2dda8c6b.jpg,0,0.9992625117301941
datasets/dataset/train/0b6cf835-5135-42e9-86ac-eed5efdd1634_aligned.jpg,0,0.9992517828941345
datasets/dataset/train/0b7cb467-0ca4-4acb-a70a-e577e101574b_aligned.jpg,0,0.9999929666519165
datasets/dataset/train/0c9e0ef3-3830-4588-9142-270002b26c72_aligned.jpg,0,0.999996542930603
datasets/dataset/train/0ca3f129-9818-47bf-9027-37a7b7a14193_aligned.jpg,0,0.999029278755188
datasets/dataset/train/0d43389a-b59d-4504-b9bd-9111dfdf9840.jpg,0,0.9997584223747253
datasets/dataset/train/0d633555-9172-4603-88bd-15ff317885e6_aligned.jpg,0,0.9993157386779785
datasets/dataset/train/0da4efa6-5ba7-42a6-91c9-34484a307f56.jpg,0,0.9995324611663818
datasets/dataset/train/0dd9ebb0-d300-4d3a-9d44-98b27c2fed4c_aligned.jpg,0,0.9995404481887817
datasets/dataset/train/0e9ff7de-75d0-40b2-b130-af5bbfa8d024.jpg,0,0.99980229139328
datasets/dataset/train/0edebf99-ff27-4ad5-a65b-3b4ded1a3be7.jpg,0,0.9986961483955383
datasets/dataset/train/0ee6d6a6-2d10-438b-905c-af2e6417c40f.jpg,0,0.9998319149017334
datasets/dataset/train/0ef61899-69ff-4f45-a510-86e06e40cdda.jpg,0,0.9993233680725098
datasets/dataset/train/0f07ecc7-b497-4009-955c-0fbbbaf41036_aligned.jpg,0,0.999204695224762
datasets/dataset/train/0f37f21e-4d4c-48b2-bb7f-14d866a736e3_aligned.jpg,0,0.9844581484794617
datasets/dataset/train/0fa75374-3218-4a44-a8cb-05361b8a7e8f.jpg,0,0.998056173324585
datasets/dataset/train/1 (1).jpg,0,0.9979304075241089
datasets/dataset/train/1 (3)_0.jpg,0,0.9913922548294067
datasets/dataset/train/1 (8) dated_0.jpg,1,0.9996986389160156
datasets/dataset/train/1 (8) dated_1.jpg,1,0.9999662637710571
datasets/dataset/train/1 TONG THE  (8).jpg,1,0.968998372554779
datasets/dataset/train/1 TONG THE  (8)_0.jpg,1,0.9999359846115112
datasets/dataset/train/1 TONG THE  (8)_1.jpg,1,0.9882837533950806
datasets/dataset/train/1001c5ff-8363-4409-b44f-3217b1d99625.jpg,0,0.841217041015625
datasets/dataset/train/10288de4-c6cd-4c92-9383-87b0f10d492f_aligned.jpg,0,0.9927060008049011
datasets/dataset/train/109b6810-5967-48fe-a8b3-b57639996348_aligned.jpg,0,0.9998409748077393
datasets/dataset/train/10a863c9-0c08-4188-9a31-27eae9d19f43.jpg,0,0.8656507730484009
datasets/dataset/train/10feb726-c926-4004-8721-368bc4ade684_aligned.jpg,0,0.9999958276748657
datasets/dataset/train/1291ab6e-a403-4901-9d88-6daf815dd731_aligned.jpg,0,0.999956488609314
datasets/dataset/train/131c25cc-4977-47e4-904c-0439499061da.jpg,0,0.9940826296806335
datasets/dataset/train/14336d5d-f111-45e7-b254-c72b43d05896_aligned.jpg,0,0.9993960857391357
datasets/dataset/train/145f6c22-0b3d-41ad-a41e-f5c6f8dd958a_aligned.jpg,0,0.9987533092498779
datasets/dataset/train/1468486733824_11240_0.jpg,1,0.9979329109191895
datasets/dataset/train/1468932580342_13072_0.jpg,0,0.9997913241386414
datasets/dataset/train/1469429139191_14202_0.jpg,0,0.9985061287879944
datasets/dataset/train/1469618546810_15097_1.jpg,1,0.9999219179153442
datasets/dataset/train/1470037224635_15944_0.jpg,0,0.9996986389160156
datasets/dataset/train/1470039818684_15971_1.jpg,1,0.9990035891532898
datasets/dataset/train/1470210967795_16203_0.jpg,1,0.995349109172821
datasets/dataset/train/1470210987767_16350.jpg,0,0.9997566342353821
datasets/dataset/train/1470295180256_16539_0.jpg,0,0.9995664954185486
datasets/dataset/train/1471861686634_20041.jpg,0,0.9997923970222473
datasets/dataset/train/1473152626281_23391.jpg,1,0.9863165020942688
datasets/dataset/train/1473843077455_26330_1.jpg,1,0.9987389445304871
datasets/dataset/train/1476197219764_32888_0.jpg,1,0.9979592561721802
datasets/dataset/train/1476267278670_33132_1.jpg,1,0.9995488524436951
datasets/dataset/train/1476340158031_33496_0.jpg,0,0.9995243549346924
datasets/dataset/train/1476340747997_33524_0.jpg,1,0.9954416751861572
datasets/dataset/train/1476958922728_34948_0.jpg,1,0.9997698664665222
datasets/dataset/train/1477105354275_35279_1.jpg,1,0.9988113641738892
datasets/dataset/train/1479125511611_39662_0.jpg,1,0.9851795434951782
datasets/dataset/train/1479125825126_39669_0.jpg,1,0.9903920888900757
datasets/dataset/train/152a4f0c-b882-4c26-92ba-6eadf9b85aaf.jpg,0,0.9746560454368591
datasets/dataset/train/154e7b3f-4e2f-4583-9f0a-a3cf1bd51ed2_aligned.jpg,0,0.9994410872459412
datasets/dataset/train/159e7a73-40f7-4507-ad9e-c95944b94329.jpg,0,0.9996820688247681
datasets/dataset/train/15ecd730-a547-491b-8ba5-b1dc532a7307.jpg,0,0.9996607303619385
datasets/dataset/train/1613717080545_0.jpg,1,0.9999721050262451
datasets/dataset/train/1615598943287_0.jpg,0,0.9987548589706421
datasets/dataset/train/1617070256577.jpg,0,0.9992480874061584
datasets/dataset/train/1617174527447.jpg,0,0.9999595880508423
datasets/dataset/train/1618633260691_0.jpg,0,0.9995648264884949
datasets/dataset/train/1619623948385_0.jpg,0,0.9995137453079224
datasets/dataset/train/1620460846162_0.jpg,1,0.9999490976333618
datasets/dataset/train/1633ddca-e0b3-4fed-9684-df4e39181e7b.jpg,0,0.9107078909873962
datasets/dataset/train/1642559055721_0.jpg,0,0.9970648884773254
datasets/dataset/train/1644206328927_0.jpg,0,0.99997878074646
datasets/dataset/train/1644290580234.jpg,0,0.9989390969276428
datasets/dataset/train/1644805470465_0.jpg,0,0.9995063543319702
datasets/dataset/train/1644807455733_0.jpg,0,0.999043881893158
datasets/dataset/train/1644892860584_0.jpg,0,0.996871292591095
datasets/dataset/train/1644975587670_0.jpg,1,0.9998849630355835
datasets/dataset/train/1645067298199_0.jpg,0,0.9996250867843628
datasets/dataset/train/1645405493708_0.jpg,0,0.9982151985168457
datasets/dataset/train/1645682772493_0.jpg,0,0.999620795249939
datasets/dataset/train/1646015969267_0.jpg,0,0.9925645589828491
datasets/dataset/train/1646965636900_0.jpg,1,0.9975749850273132
datasets/dataset/train/1647232165472_0.jpg,0,0.9745721220970154
datasets/dataset/train/1647397520071.jpg,0,0.9838249683380127
datasets/dataset/train/1647487773329_0.jpg,1,0.9999233484268188
datasets/dataset/train/1647492072750_0.jpg,0,0.9982016086578369
datasets/dataset/train/1647849429918_0.jpg,1,0.9967639446258545
datasets/dataset/train/1647860953969_0.jpg,0,0.9999094009399414
datasets/dataset/train/1647922139773_0.jpg,1,0.99977046251297
datasets/dataset/train/1648000986355_0.jpg,1,0.9959610104560852
datasets/dataset/train/1648001684789_0.jpg,1,0.9999208450317383
datasets/dataset/train/1648004210914_0.jpg,0,0.9996997117996216
datasets/dataset/train/1648177580933_0.jpg,1,0.9968833327293396
datasets/dataset/train/1648526003657_0.jpg,1,0.9999444484710693
datasets/dataset/train/1648780187646_0.jpg,0,0.999491810798645
datasets/dataset/train/1648783907672_0.jpg,0,0.9998528957366943
datasets/dataset/train/1649041283086_0.jpg,0,0.999821126461029
datasets/dataset/train/1650506787796_0.jpg,1,0.9997840523719788
datasets/dataset/train/1666e6ed-f394-4d4d-b43a-1214b003b910_aligned.jpg,0,0.999972939491272
datasets/dataset/train/16745a4e-ab30-46fe-8635-33c3aa7ef04a.jpg,0,0.5647267699241638
datasets/dataset/train/169db030-053a-43b4-b2cf-4d38109a75f2.jpg,0,0.9995848536491394
datasets/dataset/train/18884032-4417-46ee-a5fc-2458e61a40a7_aligned.jpg,0,0.9997460246086121
datasets/dataset/train/196e3ddc-5552-4ecc-9314-d2c1aba5e245.jpg,0,0.9998317956924438
datasets/dataset/train/1a187a7a-0302-4bdd-b98e-19bdd0e22c2b.jpg,0,0.9971712231636047
datasets/dataset/train/1aa4e1ff-d6a2-4642-acdf-852ecb0dbc5e.jpg,0,0.9943605065345764
datasets/dataset/train/1abbf197-e50c-4563-85af-2741e9442e7b_aligned.jpg,0,0.9998788833618164
datasets/dataset/train/1ad55cf7-2076-435a-85a7-2bdb4d60ee13_aligned.jpg,0,0.9913888573646545
datasets/dataset/train/1b10d528-e66b-4d4f-92e0-8264928ae2b5_aligned.jpg,0,0.9998924732208252
datasets/dataset/train/1b6ba8be-fdb0-48ca-8580-d2b80d64a434.jpg,0,0.9997439980506897
datasets/dataset/train/1bafd8a9-6ccf-45ff-a13e-21ffc0ca97cb_aligned.jpg,0,0.999058187007904
datasets/dataset/train/1bc7641d-b1a4-45e8-98a6-5e1ba3f1554e_aligned.jpg,0,0.9997759461402893
datasets/dataset/train/1c1642f6-35c3-4f44-ba8c-e3a8772f3321.jpg,0,0.9996753931045532
datasets/dataset/train/1c72202b-3470-48f3-ac5a-717e680a14fa.jpg,0,0.9995608925819397
datasets/dataset/train/1c8dad77-bb59-4ca4-bb26-48f6d40f4ccb.jpg,0,0.9998692274093628
datasets/dataset/train/1c930fc6-9840-4603-971a-5753783302ea_aligned.jpg,0,0.9986039996147156
datasets/dataset/train/1d46000c-9b1b-4cb1-b8e3-91ab8f0733e8_aligned.jpg,0,0.9976515173912048
datasets/dataset/train/1d81db2e-25af-4dbe-a7c1-0572490838c5_aligned.jpg,0,0.9999707937240601
datasets/dataset/train/1de3104f-2ff3-4f94-ad98-250d2ab8cfd6.jpg,0,0.999645471572876
datasets/dataset/train/1e87a3f1-93e5-4a0f-b37f-846ab5410790.jpg,0,0.998900294303894
datasets/dataset/train/1e92fb0d-27e6-4db0-8a9e-fb2fb8c7e4be_aligned.jpg,0,0.9998409748077393
datasets/dataset/train/2 (33).jpg,1,0.9992295503616333
datasets/dataset/train/2 (39).jpg,1,0.9905285239219666
datasets/dataset/train/20134a66-bc0b-4cec-bb77-b8e79bb0b14f.jpg,0,0.998971700668335
datasets/dataset/train/20160509_094013.jpg,1,0.9090366363525391
datasets/dataset/train/20160509_094013_0.jpg,1,0.9999597072601318
datasets/dataset/train/20160608_091936_0.jpg,1,0.9685885906219482
datasets/dataset/train/20160610_113453.jpg,0,0.9762459397315979
datasets/dataset/train/20160614_122706_0.jpg,0,0.9938272833824158
datasets/dataset/train/20160615_111552_0.jpg,1,0.9985962510108948
datasets/dataset/train/20160617_112629_0.jpg,1,0.9999915361404419
datasets/dataset/train/20160617_112629_1.jpg,1,0.999796450138092
datasets/dataset/train/20160617_142715.jpg,1,0.999874472618103
datasets/dataset/train/20160617_142715_0.jpg,1,0.9959237575531006
datasets/dataset/train/20160617_142715_1.jpg,1,0.9960036873817444
datasets/dataset/train/20160617_154217.jpg,0,0.9967531561851501
datasets/dataset/train/20160617_154217_0.jpg,0,0.9996399879455566
datasets/dataset/train/20160617_154221.jpg,0,0.9944860339164734
datasets/dataset/train/20160617_154221_0.jpg,0,0.9998499155044556
datasets/dataset/train/20160628_111211.jpg,1,0.9999788999557495
datasets/dataset/train/20160704_085056_0.jpg,1,0.9987459182739258
datasets/dataset/train/20160704_093450.jpg,0,0.9948790073394775
datasets/dataset/train/20160704_102644.jpg,0,0.9982762336730957
datasets/dataset/train/20160704_102644_0.jpg,0,0.9984482526779175
datasets/dataset/train/20160704_102649.jpg,0,0.9804168343544006
datasets/dataset/train/20160704_102649_0.jpg,0,0.9913637638092041
datasets/dataset/train/20160704_124400.jpg,0,0.997003972530365
datasets/dataset/train/20160704_124400_0.jpg,0,0.9982684850692749
datasets/dataset/train/20160704_124404_0.jpg,0,0.9672309160232544
datasets/dataset/train/20160706_081158.jpg,0,0.9982773065567017
datasets/dataset/train/20160706_081158_0.jpg,0,0.9985374212265015
datasets/dataset/train/20160706_105337.jpg,0,0.9968859553337097
datasets/dataset/train/20160706_105342.jpg,0,0.9997469782829285
datasets/dataset/train/20160706_105342_0.jpg,0,0.9977826476097107
datasets/dataset/train/20160706_111218_0.jpg,1,0.9995825886726379
datasets/dataset/train/20160706_111218_1.jpg,1,0.9995825886726379
datasets/dataset/train/20160706_115311.jpg,1,0.9990912675857544
datasets/dataset/train/20160707_083810.jpg,1,0.999658465385437
datasets/dataset/train/20160707_083810_0.jpg,1,0.9968735575675964
datasets/dataset/train/20160707_083810_1.jpg,1,0.9998362064361572
datasets/dataset/train/20160707_093129.jpg,0,0.9996044039726257
datasets/dataset/train/20160707_093129_0.jpg,0,0.9973345994949341
datasets/dataset/train/20160707_093133.jpg,0,0.9872912764549255
datasets/dataset/train/20160707_093133_0.jpg,0,0.9977912902832031
datasets/dataset/train/20160711_074917.jpg,0,0.998393714427948
datasets/dataset/train/20160711_080528_0.jpg,1,0.9998742341995239
datasets/dataset/train/20160711_080533_0.jpg,1,0.995042085647583
datasets/dataset/train/20160711_082305.jpg,0,0.9969103932380676
datasets/dataset/train/20160711_082305_0.jpg,0,0.9943042397499084
datasets/dataset/train/20160711_090038.jpg,0,0.9980839490890503
datasets/dataset/train/20160711_090038_0.jpg,0,0.9999932050704956
datasets/dataset/train/20160712_090316_0.jpg,1,0.9992215633392334
datasets/dataset/train/20160713_085924.jpg,0,0.9996521472930908
datasets/dataset/train/20160713_085924_0.jpg,0,0.9987252354621887
datasets/dataset/train/20160713_094550.jpg,1,0.9840806126594543
datasets/dataset/train/20160713_094550_0.jpg,1,0.9996993541717529
datasets/dataset/train/20160719_082712.jpg,0,0.998986542224884
datasets/dataset/train/20160719_082712_0.jpg,0,0.999567449092865
datasets/dataset/train/20160719_082715.jpg,0,0.9995372295379639
datasets/dataset/train/20160719_113343.jpg,1,0.9992517828941345
datasets/dataset/train/20160719_113343_0.jpg,1,0.999990701675415
datasets/dataset/train/20160719_113355.jpg,1,0.9999505281448364
datasets/dataset/train/20160719_113355_0.jpg,1,0.9999445676803589
datasets/dataset/train/20160728_084303_0.jpg,1,0.9831530451774597
datasets/dataset/train/20160728_084303_1.jpg,1,0.9980096220970154
datasets/dataset/train/20160801_104224.jpg,1,0.9999065399169922
datasets/dataset/train/20160801_104224_0.jpg,1,0.9999841451644897
datasets/dataset/train/20160809_145140_0.jpg,0,0.9984459280967712
datasets/dataset/train/20160817_152452_2.jpg,1,0.9980554580688477
datasets/dataset/train/20160818_080650_0.jpg,1,0.9955607652664185
datasets/dataset/train/20160818_100733.jpg,0,0.991081178188324
datasets/dataset/train/20160818_100739.jpg,0,0.9884325861930847
datasets/dataset/train/20160819_084640_0.jpg,0,0.9994910955429077
datasets/dataset/train/20160822_101820.jpg,1,0.998978853225708
datasets/dataset/train/20160822_101820_0.jpg,1,0.9997809529304504
datasets/dataset/train/20160822_101824.jpg,1,0.9990503191947937
datasets/dataset/train/20160825_081614_0.jpg,0,0.9956810474395752
datasets/dataset/train/20160825_081618.jpg,0,0.9972898960113525
datasets/dataset/train/20160825_081618_0.jpg,0,0.9996726512908936
datasets/dataset/train/20160825_094302.jpg,1,0.9902592897415161
datasets/dataset/train/20160825_094302_1.jpg,1,0.9998189806938171
datasets/dataset/train/20160825_094302_2.jpg,1,0.9997120499610901
datasets/dataset/train/20160825_122257.jpg,0,0.9813188314437866
datasets/dataset/train/20160825_122308.jpg,0,0.9606527090072632
datasets/dataset/train/20160825_122308_0.jpg,0,0.9817739129066467
datasets/dataset/train/20160826_100429.jpg,0,0.9940681457519531
datasets/dataset/train/20160826_100433.jpg,0,0.9960594177246094
datasets/dataset/train/20160826_100433_0.jpg,0,0.9991462230682373
datasets/dataset/train/20160829_082718.jpg,0,0.9906540513038635
datasets/dataset/train/20160829_082718_0.jpg,0,0.9996817111968994
datasets/dataset/train/20160829_084700.jpg,1,0.9986112117767334
datasets/dataset/train/20160829_084700_0.jpg,1,0.998997151851654
datasets/dataset/train/20160905_090157.jpg,0,0.9909121990203857
datasets/dataset/train/20160905_090157_0.jpg,0,0.9184643626213074
datasets/dataset/train/20160905_100809.jpg,1,0.9974477291107178
datasets/dataset/train/20160905_100809_0.jpg,1,0.9994218349456787
datasets/dataset/train/20160905_100815.jpg,1,0.9994543194770813
datasets/dataset/train/20160905_100815_0.jpg,1,0.9997676014900208
datasets/dataset/train/20160907_083832_0.jpg,1,0.9998219609260559
datasets/dataset/train/20160907_083837.jpg,1,0.9999103546142578
datasets/dataset/train/20160907_102344.jpg,0,0.9999638795852661
datasets/dataset/train/20160907_102344_0.jpg,0,0.9999696016311646
datasets/dataset/train/20160912_083248.jpg,0,0.9991644620895386
datasets/dataset/train/20160912_083248_0.jpg,0,0.9988162517547607
datasets/dataset/train/20160912_093209_0.jpg,1,0.9989190101623535
datasets/dataset/train/20160912_093209_1.jpg,1,0.9993394017219543
datasets/dataset/train/20160914_092742.jpg,0,0.9878080487251282
datasets/dataset/train/20160914_092746.jpg,0,0.9889728426933289
datasets/dataset/train/20160915_084420.jpg,1,0.9973570108413696
datasets/dataset/train/20160915_084420_0.jpg,1,0.9808589816093445
datasets/dataset/train/20160915_102156.jpg,0,0.9836154580116272
datasets/dataset/train/20160915_102156_0.jpg,0,0.9984297156333923
datasets/dataset/train/20160915_102202.jpg,0,0.9934640526771545
datasets/dataset/train/20160915_102202_0.jpg,0,0.9779382944107056
datasets/dataset/train/20160916_105114.jpg,0,0.9704816937446594
datasets/dataset/train/20160916_105118.jpg,0,0.9908283948898315
datasets/dataset/train/20160916_105118_0.jpg,0,0.9940675497055054
datasets/dataset/train/20160919_081559.jpg,1,0.9835869669914246
datasets/dataset/train/20160919_081559_0.jpg,1,0.9994801878929138
datasets/dataset/train/20160919_081605.jpg,1,0.9744189381599426
datasets/dataset/train/20160919_085616.jpg,1,0.9988458156585693
datasets/dataset/train/20160919_085616_0.jpg,1,0.9911296367645264
datasets/dataset/train/20160920_090723.jpg,0,0.9947309494018555
datasets/dataset/train/20160920_090723_0.jpg,0,0.9995098114013672
datasets/dataset/train/20160920_094454.jpg,1,0.9964599013328552
datasets/dataset/train/20160920_094454_0.jpg,1,0.9589389562606812
datasets/dataset/train/20160920_105816.jpg,0,0.9971790313720703
datasets/dataset/train/20160920_113803.jpg,0,0.9999754428863525
datasets/dataset/train/20160921_110302_0.jpg,1,0.9989763498306274
datasets/dataset/train/20160923_092026_0.jpg,0,0.9998345375061035
datasets/dataset/train/20160929_102006_0.jpg,1,0.999962568283081
datasets/dataset/train/20161003_084047.jpg,0,0.9954942464828491
datasets/dataset/train/20161003_084047_0.jpg,0,0.9998102784156799
datasets/dataset/train/20161003_084051.jpg,0,0.9953822493553162
datasets/dataset/train/20161003_091450.jpg,1,0.9986550807952881
datasets/dataset/train/20161003_091450_0.jpg,1,0.9992963075637817
datasets/dataset/train/20161003_092636.jpg,0,0.9834167957305908
datasets/dataset/train/20161005_085111.jpg,0,0.9737575650215149
datasets/dataset/train/20161007_085509.jpg,1,0.9967225193977356
datasets/dataset/train/20161007_085513_0.jpg,1,0.9579418897628784
datasets/dataset/train/20161007_093721.jpg,1,0.9995342493057251
datasets/dataset/train/20161007_093721_0.jpg,1,0.9988786578178406
datasets/dataset/train/20161010_092438.jpg,1,0.9814521670341492
datasets/dataset/train/20161013_081445_0.jpg,1,0.9993016719818115
datasets/dataset/train/20161017_091123_0.jpg,0,0.999603807926178
datasets/dataset/train/20161021_090732.jpg,0,0.9751918315887451
datasets/dataset/train/20161021_090732_0.jpg,0,0.9951136708259583
datasets/dataset/train/20161021_090742.jpg,0,0.999876856803894
datasets/dataset/train/20161021_090742_0.jpg,0,0.9950088262557983
datasets/dataset/train/20161021_092105.jpg,0,0.9660952687263489
datasets/dataset/train/20161021_092105_0.jpg,0,0.9972489476203918
datasets/dataset/train/20161024_082516.jpg,0,0.9399446249008179
datasets/dataset/train/20161024_143220.jpg,1,0.9999208450317383
datasets/dataset/train/20161024_143220_0.jpg,1,0.9997555613517761
datasets/dataset/train/20161024_143220_1.jpg,1,0.9999263286590576
datasets/dataset/train/20161025_092944_0.jpg,1,0.9980691075325012
datasets/dataset/train/20161025_094658_1.jpg,1,0.9958904981613159
datasets/dataset/train/20161026_093739_0.jpg,1,0.9999336004257202
datasets/dataset/train/20161026_110157_0.jpg,1,0.9996122717857361
datasets/dataset/train/20161112_100128_0.jpg,0,0.9994872808456421
datasets/dataset/train/20161114_082812_0.jpg,1,0.999051034450531
datasets/dataset/train/20161114_082818_0.jpg,1,0.9969158172607422
datasets/dataset/train/20161114_082818_1.jpg,1,0.9999880790710449
datasets/dataset/train/20161114_084016_0.jpg,0,0.9997959733009338
datasets/dataset/train/20161114_085222.jpg,1,0.8531055450439453
datasets/dataset/train/20161114_100449.jpg,0,0.9930509328842163
datasets/dataset/train/20161114_100449_0.jpg,0,0.9998069405555725
datasets/dataset/train/20161114_112048.jpg,1,0.9897971153259277
datasets/dataset/train/20161114_112048_0.jpg,1,0.9999470710754395
datasets/dataset/train/20161114_112048_1.jpg,1,0.9999328851699829
datasets/dataset/train/20161114_112104_0.jpg,1,0.9997655749320984
datasets/dataset/train/20161114_112104_1.jpg,1,0.9978646636009216
datasets/dataset/train/20161114_124402.jpg,0,0.8739032745361328
datasets/dataset/train/20161114_124402_0.jpg,0,0.9967466592788696
datasets/dataset/train/20161114_125326_0.jpg,0,0.9995074272155762
datasets/dataset/train/20161123_122539_0.jpg,1,0.9945500493049622
datasets/dataset/train/20161123_122705_1.jpg,1,0.9974210262298584
datasets/dataset/train/20161128_095222.jpg,0,0.9933033585548401
datasets/dataset/train/20161128_102901.jpg,1,0.9999691247940063
datasets/dataset/train/20161130_144818.jpg,1,0.9989773035049438
datasets/dataset/train/20161130_144824.jpg,1,0.9970929622650146
datasets/dataset/train/20161130_144824_0.jpg,1,0.9999151229858398
datasets/dataset/train/20161203_083858.jpg,0,0.9983378648757935
datasets/dataset/train/20161203_083858_0.jpg,0,0.9892977476119995
datasets/dataset/train/20161205_095419_0.jpg,0,0.9997743964195251
datasets/dataset/train/20161205_112108_0.jpg,0,0.993977427482605
datasets/dataset/train/20161206_084339.jpg,0,0.9995853304862976
datasets/dataset/train/20161206_084339_0.jpg,0,0.9999120235443115
datasets/dataset/train/20161206_091742_0.jpg,1,0.9991175532341003
datasets/dataset/train/20161206_091742_1.jpg,1,0.9999047517776489
datasets/dataset/train/20161206_092940_0.jpg,1,0.9994033575057983
datasets/dataset/train/20161206_094309.jpg,1,0.5596392154693604
datasets/dataset/train/20161206_094309_0.jpg,1,0.9995983242988586
datasets/dataset/train/20161206_154031_0.jpg,1,0.9723214507102966
datasets/dataset/train/20161206_154031_1.jpg,1,0.9999302625656128
datasets/dataset/train/20161207_095539_0.jpg,0,0.9976218342781067
datasets/dataset/train/20161207_105308_0.jpg,1,0.9999552965164185
datasets/dataset/train/20161209_082345_0.jpg,1,0.9996669292449951
datasets/dataset/train/20161209_082345_1.jpg,1,0.9995859265327454
datasets/dataset/train/20161209_082351_0.jpg,1,0.9998776912689209
datasets/dataset/train/20161209_082351_1.jpg,1,0.9999488592147827
datasets/dataset/train/20161213_084116.jpg,0,0.9945488572120667
datasets/dataset/train/20161213_084116_0.jpg,0,0.9990768432617188
datasets/dataset/train/20161213_092849.jpg,1,0.9715770483016968
datasets/dataset/train/20161213_092849_0.jpg,1,0.9984350800514221
datasets/dataset/train/20161213_092849_1.jpg,1,0.9941104054450989
datasets/dataset/train/20161213_092857_0.jpg,1,0.9998492002487183
datasets/dataset/train/20161213_092857_1.jpg,1,0.9996975660324097
datasets/dataset/train/20161216_115246_0.jpg,1,0.9995163679122925
datasets/dataset/train/20161217_100353.jpg,0,0.9982415437698364
datasets/dataset/train/20161219_082402_0.jpg,1,0.9998273253440857
datasets/dataset/train/20161219_082402_1.jpg,1,0.9996627569198608
datasets/dataset/train/20161219_085624_0.jpg,0,0.9996709823608398
datasets/dataset/train/20161220_091227.jpg,1,0.6288877725601196
datasets/dataset/train/20161220_091227_0.jpg,1,0.999703586101532
datasets/dataset/train/20161220_091251.jpg,1,0.9945496916770935
datasets/dataset/train/20161220_091251_0.jpg,1,0.9996638298034668
datasets/dataset/train/20161220_095321_0.jpg,0,0.9999436140060425
datasets/dataset/train/20161221_114240.jpg,0,0.9956004619598389
datasets/dataset/train/20161221_114240_0.jpg,0,0.9999067783355713
datasets/dataset/train/20161223_092009_0.jpg,0,0.9979497790336609
datasets/dataset/train/20170104_200502_0.jpg,1,0.9993835687637329
datasets/dataset/train/20170105_141630_0.jpg,1,0.9971320629119873
datasets/dataset/train/20170106_101915_0.jpg,0,0.9979044198989868
datasets/dataset/train/20170112_155251_0.jpg,0,0.9993335604667664
datasets/dataset/train/20170114_095418_0.jpg,1,0.9673240184783936
datasets/dataset/train/20170116_112015_0.jpg,1,0.9992969036102295
datasets/dataset/train/20170116_155200_1.jpg,1,0.9997925162315369
datasets/dataset/train/20170116_160319_0.jpg,1,0.9953497052192688
datasets/dataset/train/20170121_105153_1.jpg,1,0.9997498393058777
datasets/dataset/train/20170202_130831_0.jpg,1,0.9999620914459229
datasets/dataset/train/20170203_101133_0.jpg,0,0.9885340332984924
datasets/dataset/train/20170206_080725.jpg,1,0.9998842477798462
datasets/dataset/train/20170206_080725_0.jpg,1,0.9998260140419006
datasets/dataset/train/20170206_090050_0.jpg,0,0.971416175365448
datasets/dataset/train/20170208_112409.jpg,1,0.9962915182113647
datasets/dataset/train/20170208_152500.jpg,0,0.9835004806518555
datasets/dataset/train/20170209_080633_0.jpg,1,0.999963641166687
datasets/dataset/train/20170209_104405_0.jpg,1,0.9432687759399414
datasets/dataset/train/20170213_081413_0.jpg,1,0.9998778104782104
datasets/dataset/train/20170213_081715.jpg,1,0.9996280670166016
datasets/dataset/train/20170213_090218_0.jpg,1,0.9716125130653381
datasets/dataset/train/20170213_095755_0.jpg,1,0.9998866319656372
datasets/dataset/train/20170214_080656_0.jpg,1,0.9992903470993042
datasets/dataset/train/20170214_084338_0.jpg,0,0.99824059009552
datasets/dataset/train/20170214_105948_0.jpg,1,0.9980279803276062
datasets/dataset/train/20170214_125559_0.jpg,0,0.9997585415840149
datasets/dataset/train/20170224_083733_0.jpg,1,0.9991770386695862
datasets/dataset/train/20170303_092841.jpg,0,0.9906762838363647
datasets/dataset/train/20170306_074653.jpg,0,0.993536651134491
datasets/dataset/train/20170307_103756.jpg,1,0.9969115853309631
datasets/dataset/train/20170307_151050.jpg,1,0.998547375202179
datasets/dataset/train/20170307_164423_0.jpg,1,0.9966621398925781
datasets/dataset/train/20170308_082032.jpg,0,0.9975304007530212
datasets/dataset/train/20170308_091737.jpg,0,0.9853502511978149
datasets/dataset/train/20170308_105001_0.jpg,1,0.9650184512138367
datasets/dataset/train/20170320_073407.jpg,0,0.9990969896316528
datasets/dataset/train/20170320_082044_0.jpg,1,0.9998809099197388
datasets/dataset/train/20170320_082513_0.jpg,0,0.9999470710754395
datasets/dataset/train/20170324_160945_0.jpg,1,0.9997374415397644
datasets/dataset/train/20170324_161035_0.jpg,1,0.9999912977218628
datasets/dataset/train/20170327_083601_0.jpg,1,0.9979210495948792
datasets/dataset/train/20170328_052247_0.jpg,1,0.999030590057373
datasets/dataset/train/20170328_080335_0.jpg,1,0.9999728202819824
datasets/dataset/train/20170328_083913_0.jpg,1,0.9998828172683716
datasets/dataset/train/20170330_160532.jpg,1,0.8915880918502808
datasets/dataset/train/20170403_120847_0.jpg,0,0.9999696016311646
datasets/dataset/train/20170404_080505.jpg,0,0.9889011383056641
datasets/dataset/train/20170404_113803.jpg,0,0.8501071333885193
datasets/dataset/train/20170407_081313_0.jpg,0,0.9983376264572144
datasets/dataset/train/20170412_102654_0.jpg,1,0.999626874923706
datasets/dataset/train/20170413_164248_0.jpg,1,0.9934415817260742
datasets/dataset/train/20170414_080245_0.jpg,1,0.9981107711791992
datasets/dataset/train/20170416_122606.jpg,0,0.9995315074920654
datasets/dataset/train/20170417_084714_0.jpg,1,0.9923674464225769
datasets/dataset/train/20170417_180351_0.jpg,1,0.9994255304336548
datasets/dataset/train/20170418_060907_0.jpg,1,0.9991558790206909
datasets/dataset/train/20170421_083530_0.jpg,0,0.9996240139007568
datasets/dataset/train/20170426_092801_0.jpg,0,0.9999734163284302
datasets/dataset/train/20170503_082241_0.jpg,0,0.9999120235443115
datasets/dataset/train/20170503_110327_1.jpg,1,0.9977315068244934
datasets/dataset/train/20170503_110630_1.jpg,1,0.9996473789215088
datasets/dataset/train/20170506_094202.jpg,1,0.9773415923118591
datasets/dataset/train/20170506_094202_0.jpg,1,0.9996265172958374
datasets/dataset/train/20170511_112409_0.jpg,1,0.9997624754905701
datasets/dataset/train/20170516_110640_0.jpg,0,0.5778293609619141
datasets/dataset/train/20170518_105358.jpg,0,0.9574503302574158
datasets/dataset/train/20170522_080318_0.jpg,1,0.9999899864196777
datasets/dataset/train/20170526_083407.jpg,1,0.9966275095939636
datasets/dataset/train/20170526_142618_0.jpg,0,0.9893081784248352
datasets/dataset/train/20170601_091409.jpg,0,0.9950141310691833
datasets/dataset/train/20170601_121807.jpg,0,0.9865022897720337
datasets/dataset/train/20170605_100824_0.jpg,1,0.9995379447937012
datasets/dataset/train/20170605_101107_0.jpg,1,0.9999465942382812
datasets/dataset/train/20170613_082738_0.jpg,1,0.9999872446060181
datasets/dataset/train/20170614_083015_0.jpg,1,0.9999605417251587
datasets/dataset/train/20170614_144918_0.jpg,1,0.9997572302818298
datasets/dataset/train/20170615_102640_0.jpg,1,0.998049259185791
datasets/dataset/train/20170619_085724_0.jpg,1,0.9946223497390747
datasets/dataset/train/20170620_080447_0.jpg,0,0.9664220213890076
datasets/dataset/train/20170620_080452_0.jpg,0,0.9995275735855103
datasets/dataset/train/20170620_092207.jpg,0,0.9993135929107666
datasets/dataset/train/20170620_105258.jpg,1,0.9976528286933899
datasets/dataset/train/20170620_151100_0.jpg,1,0.9843437671661377
datasets/dataset/train/20170621_100127_0.jpg,1,0.9996697902679443
datasets/dataset/train/20170621_102331_0.jpg,1,0.9999773502349854
datasets/dataset/train/20170621_111309.jpg,0,0.8854002952575684
datasets/dataset/train/20170622_110210_0.jpg,1,0.9996693134307861
datasets/dataset/train/20170626_081014_0.jpg,0,0.999943733215332
datasets/dataset/train/20170627_091224.jpg,0,0.9935033917427063
datasets/dataset/train/20170627_092339_0.jpg,0,0.9987959861755371
datasets/dataset/train/20170627_094135.jpg,0,0.9961984753608704
datasets/dataset/train/20170628_090214.jpg,0,0.9811639189720154
datasets/dataset/train/20170703_133558_0.jpg,1,0.999923586845398
datasets/dataset/train/20170704_151859_0.jpg,1,0.9999583959579468
datasets/dataset/train/20170705_125616_0.jpg,1,0.9999631643295288
datasets/dataset/train/20170710_082133_0.jpg,1,0.999893069267273
datasets/dataset/train/20170711_101627_0.jpg,1,0.999007523059845
datasets/dataset/train/20170717_105354_0.jpg,1,0.9997535347938538
datasets/dataset/train/20170717_105620_0.jpg,1,0.9996217489242554
datasets/dataset/train/20170717_111656_0.jpg,1,0.9999274015426636
datasets/dataset/train/20170718_154220_0.jpg,1,0.9997220635414124
datasets/dataset/train/20170718_160708_0.jpg,0,0.99980229139328
datasets/dataset/train/20170720_083941_0.jpg,1,0.9999396800994873
datasets/dataset/train/20170724_080539_0.jpg,1,0.9999101161956787
datasets/dataset/train/20170727_220258_0.jpg,1,0.9994194507598877
datasets/dataset/train/20170801_095347_0.jpg,1,0.999977707862854
datasets/dataset/train/20170804_110118_0.jpg,0,0.9959173798561096
datasets/dataset/train/20170805_112046_0.jpg,1,0.999930739402771
datasets/dataset/train/20170807_075834_0.jpg,0,0.9999954700469971
datasets/dataset/train/20170810_131340_1.jpg,1,0.999795138835907
datasets/dataset/train/20170810_142142_0.jpg,1,0.9998307228088379
datasets/dataset/train/20170811_152440_0.jpg,0,0.991705060005188
datasets/dataset/train/20170816_082136.jpg,0,0.9100866317749023
datasets/dataset/train/20170818_102324_0.jpg,0,0.9998550415039062
datasets/dataset/train/20170819_064838_0.jpg,0,0.9973974227905273
datasets/dataset/train/20170918_094920_1.jpg,1,0.9999964237213135
datasets/dataset/train/20170925_104934_0.jpg,1,0.999951958656311
datasets/dataset/train/20171005_111855_0.jpg,1,0.748268187046051
datasets/dataset/train/20171013_223331_0.jpg,1,0.9997232556343079
datasets/dataset/train/20180115_091150.jpg,0,0.9929666519165039
datasets/dataset/train/20180115_104800_0.jpg,1,0.9996373653411865
datasets/dataset/train/20180115_112556_0.jpg,1,0.9999716281890869
datasets/dataset/train/20180117_084759_0.jpg,0,0.9997652173042297
datasets/dataset/train/20180117_094433_0.jpg,1,0.999968409538269
datasets/dataset/train/20180118_081920_0.jpg,0,0.99978107213974
datasets/dataset/train/20180119_083357.jpg,0,0.9866873025894165
datasets/dataset/train/20180119_085727_0.jpg,1,0.9999732971191406
datasets/dataset/train/20180119_095420_0.jpg,0,0.9998527765274048
datasets/dataset/train/20180120_084307_0.jpg,0,0.999822199344635
datasets/dataset/train/20180122_093730_0.jpg,0,0.9995181560516357
datasets/dataset/train/20180124_091944_0.jpg,0,0.9999831914901733
datasets/dataset/train/20180125_082536.jpg,0,0.9968457818031311
datasets/dataset/train/20180125_082539_0.jpg,0,0.9994617104530334
datasets/dataset/train/20180125_085807_0.jpg,0,0.998638927936554
datasets/dataset/train/20180125_092455_0.jpg,0,0.9999788999557495
datasets/dataset/train/20180131_095823_0.jpg,0,0.9999626874923706
datasets/dataset/train/20180131_100722_0.jpg,0,0.9769402742385864
datasets/dataset/train/20180816_152942.jpg,0,0.9994555115699768
datasets/dataset/train/20180817_093256_0.jpg,0,0.9988407492637634
datasets/dataset/train/20180821_093808_0.jpg,0,0.9988780617713928
datasets/dataset/train/20180827_080202_0.jpg,0,0.9950149655342102
datasets/dataset/train/20180827_080206_0.jpg,0,0.9982362985610962
datasets/dataset/train/20180827_080438_0.jpg,0,0.9999165534973145
datasets/dataset/train/20180827_101623.jpg,0,0.9995173215866089
datasets/dataset/train/20180828_085510_0.jpg,0,0.9940114617347717
datasets/dataset/train/20180830_083642.jpg,0,0.9929993152618408
datasets/dataset/train/20180904_083608.jpg,0,0.9875158071517944
datasets/dataset/train/20180904_085008_0.jpg,0,0.9992325305938721
datasets/dataset/train/20180905_082219_0.jpg,0,0.9939217567443848
datasets/dataset/train/20180907_105627_0.jpg,0,0.9991376399993896
datasets/dataset/train/20180911_160857(0)_0.jpg,0,0.999262273311615
datasets/dataset/train/20180911_160857.jpg,0,0.9625834822654724
datasets/dataset/train/20180916_173028.jpg,0,0.9959100484848022
datasets/dataset/train/20180917_094900_0.jpg,0,0.9907122254371643
datasets/dataset/train/20180917_102221.jpg,0,0.9093056917190552
datasets/dataset/train/20180918_081254.jpg,0,0.9713749885559082
datasets/dataset/train/20180918_085655_0.jpg,0,0.9986579418182373
datasets/dataset/train/20180920_085324_0.jpg,0,0.9991317391395569
datasets/dataset/train/20181001_133613_0.jpg,1,0.9993360638618469
datasets/dataset/train/20181004_084823.jpg,0,0.9970808625221252
datasets/dataset/train/20181004_110028_0.jpg,1,0.9365567564964294
datasets/dataset/train/20181009_091147.jpg,0,0.9955033659934998
datasets/dataset/train/20181012_082124_0.jpg,0,0.9990701079368591
datasets/dataset/train/20181015_083909_0.jpg,1,0.9842632412910461
datasets/dataset/train/20181016_100558_0.jpg,0,0.996147871017456
datasets/dataset/train/20181017_091431.jpg,0,0.9855266809463501
datasets/dataset/train/20181017_110304_0.jpg,0,0.999850869178772
datasets/dataset/train/20181022_082523_0.jpg,0,0.9972308278083801
datasets/dataset/train/20181022_090752.jpg,0,0.9987951517105103
datasets/dataset/train/20181022_110319_0.jpg,0,0.9980693459510803
datasets/dataset/train/20181023_102109.jpg,0,0.9993999004364014
datasets/dataset/train/20211118_111118.jpg,0,0.99720698595047
datasets/dataset/train/20211119_150915_0.jpg,0,0.9978229999542236
datasets/dataset/train/20211125_085121.jpg,0,0.9996670484542847
datasets/dataset/train/20211125_090638.jpg,0,0.9999475479125977
datasets/dataset/train/20211129_171041_0.jpg,0,0.9999364614486694
datasets/dataset/train/20211202_142537_0.jpg,1,0.9998605251312256
datasets/dataset/train/20211206_092444_0.jpg,0,0.9999560117721558
datasets/dataset/train/20211214_091232_0.jpg,0,0.9999077320098877
datasets/dataset/train/20211214_094140_0.jpg,1,0.9997130036354065
datasets/dataset/train/20211215_090817_0.jpg,0,0.9996129870414734
datasets/dataset/train/20211217_095713_0.jpg,0,0.9999535083770752
datasets/dataset/train/20211222_093235_0.jpg,1,0.9999078512191772
datasets/dataset/train/20211222_102544_0.jpg,1,0.995608389377594
datasets/dataset/train/20211227_093936_0.jpg,0,0.9998717308044434
datasets/dataset/train/20211229_102101_0.jpg,1,0.9999251365661621
datasets/dataset/train/20211229_103617_0.jpg,1,0.9336300492286682
datasets/dataset/train/20220104_093926_0.jpg,1,0.9985055923461914
datasets/dataset/train/20220104_112556_0.jpg,1,0.9997718930244446
datasets/dataset/train/20220107_090442_0.jpg,1,0.9996110796928406
datasets/dataset/train/20220110_080447_0.jpg,1,0.9942827224731445
datasets/dataset/train/20220110_081823.jpg,0,0.9999172687530518
datasets/dataset/train/20220111_090445.jpg,0,0.9999713897705078
datasets/dataset/train/20220111_091944.jpg,0,0.9999817609786987
datasets/dataset/train/20220111_093952_0.jpg,1,0.6677140593528748
datasets/dataset/train/20220111_103212_0.jpg,0,0.9997861981391907
datasets/dataset/train/20220111_155951_0.jpg,0,0.9997662901878357
datasets/dataset/train/20220113_090938.jpg,0,0.9998615980148315
datasets/dataset/train/20220113_093812_1.jpg,1,0.9998229146003723
datasets/dataset/train/20310acf-3c05-426a-8b17-d29eb4a06d3d.jpg,0,0.9958764314651489
datasets/dataset/train/20d1ff41-c249-43bb-a398-166efe5dbcf6.jpg,0,0.9988316893577576
datasets/dataset/train/20d1ff41-c249-43bb-a398-166efe5dbcf6_aligned.jpg,0,0.9997397065162659
datasets/dataset/train/215509b8-4d8d-4fed-b5d3-362cb4399f3f_aligned.jpg,0,0.9990206956863403
datasets/dataset/train/21e1b052-aff5-4623-a4e2-08701738b37d.jpg,0,0.9948410391807556
datasets/dataset/train/22845a0b-7a1c-44ab-b742-3ec5129b0e2f.jpg,1,0.9016370177268982
datasets/dataset/train/2293571f-db42-4075-8eb8-1f4c46065712.jpg,0,0.9985404014587402
datasets/dataset/train/22b94c56-0dbf-49ab-84c8-980e31cd1f5e.jpg,0,0.9875632524490356
datasets/dataset/train/22f668f2-c8c9-4398-b7d1-d234dd2a5d69.jpg,0,0.9959476590156555
datasets/dataset/train/2368f123-fabb-4c08-aae1-fc4622800995_aligned.jpg,0,0.9999849796295166
datasets/dataset/train/23805f6d-9f68-4af5-bae6-01c14fca5e3c.jpg,0,0.9988697171211243
datasets/dataset/train/23a41a77-29b1-4fb4-8a16-ca1a2d6a818a_aligned.jpg,0,0.999738872051239
datasets/dataset/train/23db6946-29bf-4daa-a48b-3f3087228f3d_aligned.jpg,0,0.9989088773727417
datasets/dataset/train/244b1c21-3d63-46c6-9996-8c167dbc95b6.jpg,0,0.8623096942901611
datasets/dataset/train/247ff1fa-8317-4c87-a879-5d2536e223d1.jpg,0,0.9996565580368042
datasets/dataset/train/24d49912-cafb-4f97-9c55-eee4cad7c294.jpg,0,0.9932913780212402
datasets/dataset/train/24fcd153-535f-442b-baf9-965c098f0576.jpg,0,0.9990195035934448
datasets/dataset/train/2519b2c4-ab09-4cfb-b6ce-42c66737a722_aligned.jpg,0,0.9441821575164795
datasets/dataset/train/2553f962-cd89-4086-9fcb-3e7eb3552474.jpg,0,0.9987579584121704
datasets/dataset/train/255c450c-841c-4818-bd39-ee83d4f185bf_aligned.jpg,0,0.9998459815979004
datasets/dataset/train/25aed793-2831-42be-9462-bd2a6866808c.jpg,0,0.9979198575019836
datasets/dataset/train/264f0fba-8150-4dd0-b7d9-c861dc390388_aligned.jpg,0,0.99988853931427
datasets/dataset/train/267028a9-1fb9-4ec8-9c25-bfab9c8ebbdf.jpg,0,0.9980348944664001
datasets/dataset/train/27244c81-5be8-4d50-8846-48c0dbf615e8.jpg,0,0.999841570854187
datasets/dataset/train/273344e9-3335-4491-a16b-416677512755.jpg,0,0.9889455437660217
datasets/dataset/train/27a97a59-c99c-4e82-840a-311220c884dc_aligned.jpg,0,0.9994019269943237
datasets/dataset/train/27f7d6cf-7081-43bf-aa14-b4a166c4c423.jpg,0,0.9974531531333923
datasets/dataset/train/28.jpg,0,0.9675662517547607
datasets/dataset/train/287af334-f65b-41e2-9023-cfc07a696387.jpg,0,0.9999014139175415
datasets/dataset/train/28ab6f1c-df23-473c-a43e-3eafd106190b_aligned.jpg,0,0.9993301630020142
datasets/dataset/train/28f9b32f-d595-4f3f-a315-51388d642ca8.jpg,0,0.9998205304145813
datasets/dataset/train/28fdbc17-6b55-4e5b-82ad-327f48bdaa6c.jpg,0,0.9980358481407166
datasets/dataset/train/297d62f4-3cac-46ab-b1fc-41978ebf6e7c_aligned.jpg,0,0.9928204417228699
datasets/dataset/train/29839e22-950e-426a-a3c9-d30214e221d9.jpg,0,0.995724081993103
datasets/dataset/train/29839e22-950e-426a-a3c9-d30214e221d9_aligned.jpg,0,0.9931984543800354
datasets/dataset/train/299c552f-3a16-4d88-9d2d-0b5a1854a1de.jpg,0,0.9973414540290833
datasets/dataset/train/2ae0b2d7-3e28-47e7-ba81-58d65ac3c0e3.jpg,0,0.9942407608032227
datasets/dataset/train/2b29fee5-e7ce-4f46-8ca1-f06fe7ac1cfa_aligned.jpg,0,0.9994128942489624
datasets/dataset/train/2b799f24-ffac-4f5e-846d-ffc1565553dd.jpg,0,0.9926757216453552
datasets/dataset/train/2bcbb46b-5417-434f-8f53-e9516a04b626_aligned.jpg,0,0.9999339580535889
datasets/dataset/train/2c18a11c-4319-43e7-bfb0-9be86ad90b57_aligned.jpg,0,0.9996067881584167
datasets/dataset/train/2c1b891e-eac6-4644-9c6c-e8cc7163cd53_aligned.jpg,0,0.9999762773513794
datasets/dataset/train/2d20770f-ccef-4912-abe4-7a9b3574e4cf.jpg,0,0.9987834095954895
datasets/dataset/train/2d8b5979-638c-4b2d-b1e3-5811bae359f2.jpg,0,0.9962636828422546
datasets/dataset/train/2ec5f2fa-b57b-4b1a-82df-8b7bf43bb1bc.jpg,0,0.9983204007148743
datasets/dataset/train/2f2b847c-ecbe-4c75-b99f-b6dd193236c1.jpg,0,0.9986250400543213
datasets/dataset/train/2fc14e1c-c58d-4d90-9c1e-37eefb06e9ea.jpg,0,0.9986020922660828
datasets/dataset/train/3 (2).jpg,1,0.9999567270278931
datasets/dataset/train/3 (3).jpg,1,0.9998137354850769
datasets/dataset/train/30027d96-1d5d-4b42-8300-209260dcc490_aligned.jpg,0,0.9998189806938171
datasets/dataset/train/31623454-d01d-4b0e-84e6-6a941402aed8_aligned.jpg,0,0.9999815225601196
datasets/dataset/train/3179749c-9de4-4373-9bd5-b617f9cef218.jpg,0,0.9993621706962585
datasets/dataset/train/31957fc6-dbc4-4fcb-a7ab-d91d4c550705_aligned.jpg,0,0.9977198243141174
datasets/dataset/train/31b89397-e389-4ae2-9775-f8333c3e9f22.jpg,0,0.9981959462165833
datasets/dataset/train/326c3ccd-ecc8-4524-880f-33da8a56a468.jpg,0,0.9950719475746155
datasets/dataset/train/3279b6d1-50a1-4cd1-9295-32be8af1629e.jpg,0,0.9994505047798157
datasets/dataset/train/32e0efa0-b411-4481-8f38-f375a60170b5_aligned.jpg,0,0.9997487664222717
datasets/dataset/train/3359c506-4cb6-43ad-8586-d8390235bbef.jpg,0,0.9997674822807312
datasets/dataset/train/3359c506-4cb6-43ad-8586-d8390235bbef_aligned.jpg,0,0.9986743927001953
datasets/dataset/train/3554a916-30b5-47c6-b3db-ca81a541e084.jpg,0,0.9813026785850525
datasets/dataset/train/357bb84c-fd69-44cd-9d6d-e94995fd76ba.jpg,1,0.7816846370697021
datasets/dataset/train/36b24891-5d4a-44ec-902d-1ebd399d47a4.jpg,0,0.9984867572784424
datasets/dataset/train/36fc1ec5-8de4-4445-82d6-86c3ae9527de.jpg,0,0.9885379076004028
datasets/dataset/train/37144e7c-6a27-4c79-8eb0-8825c8443954_aligned.jpg,0,0.9994776844978333
datasets/dataset/train/38ab92a3-e673-4d06-af55-157f082d6db7.jpg,0,0.9991118311882019
datasets/dataset/train/38c30bff-1c94-40f1-90e6-e37062f5c0aa.jpg,0,0.9957245588302612
datasets/dataset/train/395922fe-4c2e-4170-ba8e-85fa15b78170.jpg,0,0.9969843029975891
datasets/dataset/train/39c69149-fd07-498d-8f2a-de20166f1c4d.jpg,0,0.9898350834846497
datasets/dataset/train/3a02cf5b-f62b-4f3c-8061-27c0b11aab1b_aligned.jpg,0,0.9998502731323242
datasets/dataset/train/3a3c7c3e-8129-469f-acc3-4ef1d2bbe78f_aligned.jpg,0,0.9999852180480957
datasets/dataset/train/3a5d4c7b-16a8-4fdc-b003-bd6cd3e2f257.jpg,0,0.9994574189186096
datasets/dataset/train/3bce3451-bb1d-4e0d-a6b9-a85d2721f5fc.jpg,0,0.9992778897285461
datasets/dataset/train/3cb333aa-db3d-46bd-aedb-ddf026f4e447.jpg,0,0.994375467300415
datasets/dataset/train/3cc247c5-6cdf-4400-acf5-534d8784cffc.jpg,0,0.971825897693634
datasets/dataset/train/3d338d01-fef2-4ed0-8aa4-49ff45f3cd01.jpg,0,0.9981210827827454
datasets/dataset/train/3d5abadb-5468-4342-a1e0-809160f39162.jpg,0,0.9999746084213257
datasets/dataset/train/3dc2cc70-bd0f-4147-89b3-53eba5d5f507.jpg,0,0.9992235898971558
datasets/dataset/train/3e8f3880-1eb1-478b-a429-8bee7fca8e43.jpg,0,0.9997125267982483
datasets/dataset/train/3f3c8cbf-8504-4773-8da0-363f0b933733.jpg,0,0.9997515082359314
datasets/dataset/train/3f89b600-2d91-4afb-bb17-851535c0aeed_aligned.jpg,0,0.9981063604354858
datasets/dataset/train/3fa4df35-01f3-4d8e-9ee5-b93ac44ff5ef.jpg,0,0.9999141693115234
datasets/dataset/train/4036_giay_to-1640516793521.jpg,0,0.9999871253967285
datasets/dataset/train/406f082f-f175-4f03-beae-73bee17ebd9a_aligned.jpg,0,0.9989742040634155
datasets/dataset/train/40ba831e-be80-40b2-9962-5e933ba2c7b7.jpg,0,0.9449211955070496
datasets/dataset/train/41150c34-8308-4b6b-804f-d67ffd62bd52_aligned.jpg,0,0.9985234141349792
datasets/dataset/train/41e30fe6-7f4e-45bb-9e1c-8c641aca5afb.jpg,0,0.8479830026626587
datasets/dataset/train/42950bf2-e303-437a-b5d8-6f48c39fc244.jpg,0,0.9997450709342957
datasets/dataset/train/43a10eef-32e2-40ea-a944-1086d7cabbfc.jpg,0,0.99972003698349
datasets/dataset/train/43a77725-738a-4260-82c2-a854d39e7d2e.jpg,0,0.9990645051002502
datasets/dataset/train/4445006c-7701-44bd-a129-cd19cbc0dc62_aligned.jpg,0,0.9998980760574341
datasets/dataset/train/4463059f-785f-4f05-bca3-5cdd63066b2c.jpg,0,0.9994187355041504
datasets/dataset/train/4463059f-785f-4f05-bca3-5cdd63066b2c_aligned.jpg,0,0.9999507665634155
datasets/dataset/train/452494af-b4b0-418f-99ea-9b69fa9084cd.jpg,0,0.9990726709365845
datasets/dataset/train/45e3e725-b146-4358-a2ce-dfd1a3ab26d0.jpg,0,0.9998335838317871
datasets/dataset/train/46003421-eb27-4feb-9d74-7ae972a53187_aligned.jpg,0,0.999994158744812
datasets/dataset/train/46524209-c21e-4fc6-90d4-5bac17d10825.jpg,0,0.9846790432929993
datasets/dataset/train/465e9f90-4c58-47ae-9b4c-3d79dc65f948_aligned.jpg,0,0.9992399215698242
datasets/dataset/train/46a1c838-59ee-4fb2-b6b5-ad0fd6002312.jpg,0,0.9999901056289673
datasets/dataset/train/46aaab12-3725-40f2-bdef-05970506d28e.jpg,0,0.9824748635292053
datasets/dataset/train/46ad434f-99a3-41fe-b73d-1edb604e476d.jpg,0,0.9967367053031921
datasets/dataset/train/46b95339-950a-4263-970e-8cf91bfc8dc2_aligned.jpg,0,0.9999605417251587
datasets/dataset/train/46e165cd-f1c0-4ae7-8ccf-2b36e5868384.jpg,0,0.9995197057723999
datasets/dataset/train/470696442_558717337037271_2153086391508880676_n.jpg,0,0.9980027079582214
datasets/dataset/train/472755065_1255562768882449_1634976698593880291_n.jpg,0,0.9921918511390686
datasets/dataset/train/475299586_3897607317121036_6415506636519515463_n.jpg,0,0.9997907280921936
datasets/dataset/train/47e0158b-365c-4b1b-a377-42dd3a3dee26_aligned.jpg,0,0.9978538155555725
datasets/dataset/train/481228318_1608861403841008_2222086817158756338_n.jpg,0,0.9999537467956543
datasets/dataset/train/481277424_634863679246153_2359993524724101246_n.jpg,0,0.9962645173072815
datasets/dataset/train/482026659_1608858877174594_7718316122838566506_n.jpg,0,0.9994022846221924
datasets/dataset/train/484897470_3934764493407196_1530425906716260727_n.jpg,0,0.9999070167541504
datasets/dataset/train/485729751_625200277152083_3737855176051122554_n.jpg,0,0.9082694053649902
datasets/dataset/train/48d8c860-b4ba-41ac-a31d-23b426e18c09_aligned.jpg,0,0.9996681213378906
datasets/dataset/train/48f2403b-071b-4eb9-9e39-0c58353a92b8_aligned.jpg,0,0.9999223947525024
datasets/dataset/train/490800515_2676850439191042_4842855244674404824_n.jpg,0,0.9928091764450073
datasets/dataset/train/49acdca0-6ed9-48c3-a593-47d9fd1dd6a8.jpg,0,0.9987026453018188
datasets/dataset/train/49ae4418-02b1-4402-b9bd-64dfa0bf2ec3_aligned.jpg,0,0.9999374151229858
datasets/dataset/train/4a06f03f-7df6-4c1d-8f82-cca96db4bc3c.jpg,0,0.9863739013671875
datasets/dataset/train/4a1b6882-2371-44b8-a580-f19d92e07b93.jpg,0,0.9992558360099792
datasets/dataset/train/4a975e66-e62f-4c58-b1ff-cae8afb6bf00.jpg,0,0.9950525164604187
datasets/dataset/train/4ab09f85-0b2a-4a6e-9fad-e491f3f798c7.jpg,0,0.9997778534889221
datasets/dataset/train/4b08778a-7bc1-4da3-9d6e-fee19bb15df8.jpg,0,0.9971933960914612
datasets/dataset/train/4b335958-a7f6-4b01-8085-6aff2b782ed8.jpg,0,0.999548614025116
datasets/dataset/train/4b58516f-df5a-49da-8a47-24316afedf55_aligned.jpg,0,0.9995785355567932
datasets/dataset/train/4b6d74aa-3333-40ee-9ba7-1422a9d0f1b6.jpg,0,0.939338743686676
datasets/dataset/train/4b6d74aa-3333-40ee-9ba7-1422a9d0f1b6_aligned.jpg,0,0.9928204417228699
datasets/dataset/train/4d05abf6-1c6e-40f5-87fd-5738ace9ee59.jpg,0,0.9753340482711792
datasets/dataset/train/4d0cb779-adf6-4bb6-b7e1-1bc7eabbb44e.jpg,0,0.9993225336074829
datasets/dataset/train/4d827685-1061-4aa9-aebf-e860b6ecb994.jpg,0,0.9984607696533203
datasets/dataset/train/4e255544-3fee-4cd9-afcb-cc1805f3a528.jpg,0,0.9985173344612122
datasets/dataset/train/4e26d05a-0399-4f37-b747-9987939311c2.jpg,0,0.9984002709388733
datasets/dataset/train/4e51f8bc-3026-4aa6-97da-93d33be0c3d4.jpg,0,0.9976218342781067
datasets/dataset/train/4efc1af5-b39c-4385-8141-27cd931de9c7.jpg,0,0.9999730587005615
datasets/dataset/train/4f9add2f-1527-429a-bc98-676869310f2c_aligned.jpg,0,0.999995231628418
datasets/dataset/train/4fe957bb-ed85-44c7-80f7-e494a0ca2310_aligned.jpg,0,0.999476969242096
datasets/dataset/train/501bbfef-be13-41a5-acf5-0a07249b2997.jpg,0,0.9885690212249756
datasets/dataset/train/502ed79f-3c32-4153-b57d-96352ca249c9.jpg,0,0.9998400211334229
datasets/dataset/train/502ed79f-3c32-4153-b57d-96352ca249c9_aligned.jpg,0,0.9983982443809509
datasets/dataset/train/503e53c0-c926-468b-8d4e-3f46344c5fb4_aligned.jpg,0,0.9999487400054932
datasets/dataset/train/506004401_24606338595635584_7217401544013184818_n.jpg,0,0.998467743396759
datasets/dataset/train/50690df2-b63c-4639-bf6f-16e8bf474c13_aligned.jpg,0,0.999984622001648
datasets/dataset/train/50d6858f-0d5e-4be7-90f0-5338fd2e9d27.jpg,0,0.8917636871337891
datasets/dataset/train/5179ec08-84fb-4114-a6c4-f94d13faf0df.jpg,0,0.9989944100379944
datasets/dataset/train/518214958_2315519185530040_4018553045391613941_n.jpg,0,0.9970442652702332
datasets/dataset/train/51bf9f36-f97f-4ff5-93a0-948fbc9e327a.jpg,0,0.9891120791435242
datasets/dataset/train/51c1ea3f-5094-4675-873b-b01b679bd567.jpg,0,0.9998773336410522
datasets/dataset/train/51d9faf8-a01a-4984-be8e-c137ca5a6216.jpg,0,0.9993614554405212
datasets/dataset/train/523377845_2570444906642972_1881785867266129064_n.jpg,0,0.9919047355651855
datasets/dataset/train/523656816_2568414243512705_7259991876291832148_n.jpg,0,0.9975703358650208
datasets/dataset/train/529013735_776567545055564_4722194184485251630_n.jpg,0,0.9981266856193542
datasets/dataset/train/529d396e-35af-4f42-99ff-f6db35c5e494_aligned.jpg,0,0.999924898147583
datasets/dataset/train/52cdc849-6a31-49dd-838b-2736ee0a4b18.jpg,0,0.9994671940803528
datasets/dataset/train/533619a8-9e22-4145-954f-25d7fcdd69d7.jpg,0,0.9956064820289612
datasets/dataset/train/53740b54-3b58-4cf7-9799-108da0cf39e1_aligned.jpg,0,0.999923825263977
datasets/dataset/train/538285053_2207872179685970_4284174204478518414_n.jpg,0,0.9977309107780457
datasets/dataset/train/538368155_2207872209685967_7557958461805404017_n.jpg,0,0.9987200498580933
datasets/dataset/train/539cb3a7-ea9e-48fc-afc9-c47f9dc8e2d5.jpg,0,0.9985854625701904
datasets/dataset/train/539cb3a7-ea9e-48fc-afc9-c47f9dc8e2d5_aligned.jpg,0,0.9991068243980408
datasets/dataset/train/53cbfcc0-b4f5-433f-9b4c-57f36b9db74f_aligned.jpg,0,0.9999551773071289
datasets/dataset/train/540016d4-67b2-4855-afc7-44f81f94aa74.jpg,0,0.9978508949279785
datasets/dataset/train/546471775_2583891948637716_3358882958118050923_n.jpg,0,0.9993000030517578
datasets/dataset/train/54af9cda-09c4-47aa-926b-cdd7f2da5406.jpg,0,0.9919963479042053
datasets/dataset/train/550689787_1536602427498253_3061198289151903774_n.jpg,0,0.9999501705169678
datasets/dataset/train/552d41d9-e9b8-4c8b-b25c-e666f33c2456.jpg,0,0.9914566874504089
datasets/dataset/train/555f7a0a-6e0d-4653-812f-314835ba2e04.jpg,0,0.6258881688117981
datasets/dataset/train/5595ec5a-c62f-434f-918b-20ca168c15f5.jpg,0,0.9985093474388123
datasets/dataset/train/559894243_3282549425244960_5720595575196404785_n.jpg,0,0.9982089996337891
datasets/dataset/train/55c60e7a-bec8-4739-896d-0744a5684d29.jpg,0,0.9665307402610779
datasets/dataset/train/55fb6258-30e9-49a6-bbdb-f5686d95e73c.jpg,0,0.9964048862457275
datasets/dataset/train/55fb6258-30e9-49a6-bbdb-f5686d95e73c_aligned.jpg,0,0.9994767308235168
datasets/dataset/train/560568525_24086802204326434_9206955637389122882_n.jpg,0,0.9954017400741577
datasets/dataset/train/5615baaf-9938-46c7-8618-d62a1f503a86.jpg,0,0.9905097484588623
datasets/dataset/train/567910427_3328006760684314_8281399531983607549_n.jpg,0,0.9999614953994751
datasets/dataset/train/571219211_1596245568452038_3717321354171811398_n.jpg,0,0.9999246597290039
datasets/dataset/train/573efcd7-39f8-4849-9003-3ba3d54afed7.jpg,0,0.9993979930877686
datasets/dataset/train/574b11a2-2289-4b73-b3c7-c65afa314fb8.jpg,0,0.9616314172744751
datasets/dataset/train/575129506_122212268756098489_1875679937047841697_n.jpg,0,0.985375702381134
datasets/dataset/train/5763a260-53d1-4ed4-bf3b-13e8ef15862b.jpg,0,0.9997877478599548
datasets/dataset/train/579053209_802033609472569_9218535388885170456_n.jpg,0,0.9993058443069458
datasets/dataset/train/57abd1a5-d3ab-4b88-9030-7ab7cfdd2211.jpg,0,0.9989407658576965
datasets/dataset/train/57fe4428-7f39-4cae-8de3-7a0ade3cf658.jpg,0,0.9924954175949097
datasets/dataset/train/580cf5cc-00e7-4a03-b466-3001d37267d0.jpg,0,0.9997119307518005
datasets/dataset/train/580d59ee-0ded-4edd-ae7f-7ac75ab0ef2d.jpg,0,0.9998307228088379
datasets/dataset/train/584593535_3274780356002217_7948022308515731790_n.jpg,0,0.9996885061264038
datasets/dataset/train/58531ce6-f9c8-4a87-98e7-8a76b5a90cde.jpg,0,0.9995762705802917
datasets/dataset/train/588f8524-35b2-436b-bcf3-a2ca01d7d6c6.jpg,0,0.9912994503974915
datasets/dataset/train/58978137-14d1-4ff3-92fc-d4afeebb160b_aligned.jpg,0,0.999693751335144
datasets/dataset/train/58c56f3b-522b-4538-af1d-aa1528b690c8.jpg,0,0.9997432827949524
datasets/dataset/train/5926e98f-901a-4613-b83d-8c4d6ad922cb.jpg,0,0.9662144184112549
datasets/dataset/train/594563906_2321983528267095_3533077234925340094_n.jpg,0,0.9995812773704529
datasets/dataset/train/595dbd8c-71e3-44a0-baf9-5f7932bf4d31.jpg,0,0.9671574234962463
datasets/dataset/train/596044928_3077169575823755_8052803638011855232_n.jpg,0,0.9958058595657349
datasets/dataset/train/598442914_25229580753400138_7688047514563424310_n.jpg,0,0.9987853169441223
datasets/dataset/train/5a0b61de-0983-4158-a728-221aadef1af2.jpg,0,0.9983674883842468
datasets/dataset/train/5ad9caf2-c1df-41f8-a40b-fc99976e2a82.jpg,0,0.9990083575248718
datasets/dataset/train/5c47f93f-bd01-4604-aa58-212320ceabb3.jpg,0,0.9993773102760315
datasets/dataset/train/5c47f93f-bd01-4604-aa58-212320ceabb3_aligned.jpg,0,0.9950022101402283
datasets/dataset/train/5d245f19-bcf6-44c4-bf6e-1a26b9143abc.jpg,0,0.9926480054855347
datasets/dataset/train/5d2f4d48-04ea-4ea9-b358-092a4f627c8b.jpg,0,0.9995594620704651
datasets/dataset/train/5d57f97e-adae-4005-a8a3-deb45dc67a16.jpg,0,0.9960561990737915
datasets/dataset/train/5df81534-14e2-4979-bdd2-454303968a0f_aligned.jpg,0,0.9995180368423462
datasets/dataset/train/5e07c183-ec73-4130-8dc3-3e0ddb87e436_aligned.jpg,0,0.9997648596763611
datasets/dataset/train/5e1fc1a2-59de-46ea-9e70-2a3babed0629.jpg,0,0.9820895195007324
datasets/dataset/train/5e3c32c5-5a32-43d6-b4a9-de1f2d872a98.jpg,0,0.9985890984535217
datasets/dataset/train/5e5ad1b7-f8ea-4c15-81f9-d53f4f0cb42c.jpg,0,0.8471155166625977
datasets/dataset/train/5e76e0ea-566d-4a9f-bb99-ccfa04421356.jpg,0,0.9996695518493652
datasets/dataset/train/5e76e0ea-566d-4a9f-bb99-ccfa04421356_aligned.jpg,0,0.9993892908096313
datasets/dataset/train/5e83a4b7-1a76-47e0-bb7b-fcfd6557a620.jpg,0,0.8518584370613098
datasets/dataset/train/5eb38e53-fca3-40c3-b828-1e0062a12f2c.jpg,0,0.995317816734314
datasets/dataset/train/5efe97a3-4a9b-407b-86e3-5c208443ab7b.jpg,0,0.9993351101875305
datasets/dataset/train/5f26e0d8-bdaa-420f-bac7-b87d6cfdc764_aligned.jpg,0,0.9997395873069763
datasets/dataset/train/5f44d6c4-1667-4b1e-8259-e83d945db303.jpg,0,0.9982372522354126
datasets/dataset/train/5f52b126-8bf9-4f01-ad7a-dff8238171aa.jpg,0,0.8747122883796692
datasets/dataset/train/5f8e08e0-4645-4d82-acd6-2494937cd31f.jpg,0,0.9958886504173279
datasets/dataset/train/604544094_1379369640396224_2747447954879716816_n.jpg,0,0.9848564267158508
datasets/dataset/train/606316232_25512945135031455_2606270841374374282_n.jpg,0,0.9006184339523315
datasets/dataset/train/612ac03f-c6a3-4416-9a38-a3286083882a.jpg,0,0.9994322657585144
datasets/dataset/train/6153f95a-cea7-494e-8edd-1b8d12c14bd9.jpg,0,0.9997342228889465
datasets/dataset/train/6167118b-df18-4b3e-8312-c4674bd7ef8f_aligned.jpg,0,0.999993085861206
datasets/dataset/train/61ce5b1a-eb8d-40df-8b8b-65ca02f997aa.jpg,0,0.9994111061096191
datasets/dataset/train/631313040_4049565341853798_6036043404049377593_n.jpg,0,0.9999698400497437
datasets/dataset/train/639580581_4527424130863162_6703302674052801173_n.jpg,0,0.9955574870109558
datasets/dataset/train/63c69188-2c5f-4796-a4ed-acc61a1ac3d8.jpg,0,0.9973752498626709
datasets/dataset/train/643795161_4455991921299253_5383724932974908093_n.jpg,0,0.9998853206634521
datasets/dataset/train/648737653_26598916033034246_1308842220282154743_n.jpg,0,0.9874591827392578
datasets/dataset/train/648995979_122136490910996352_6920506094337989111_n.jpg,0,0.9998782873153687
datasets/dataset/train/64b1d6d0-af98-4eb8-bd6e-95b54c7e1562.jpg,0,0.997601330280304
datasets/dataset/train/655761885_122121857631202062_1364301831066624366_n.jpg,0,0.9982970356941223
datasets/dataset/train/656145642_1503556804665030_5032420382894921914_n.jpg,0,0.9938390851020813
datasets/dataset/train/657360824_122303259284537322_7212913208347739317_n.jpg,0,0.9922967553138733
datasets/dataset/train/658849499_3244139422413034_7327761683582836530_n.jpg,0,0.9997555613517761
datasets/dataset/train/65ed6fe5-ef65-4886-adfc-b1cc28bc7efe.jpg,0,0.9977151155471802
datasets/dataset/train/662868835_2451784361942246_5538386631078095313_n.jpg,0,0.9672304391860962
datasets/dataset/train/666981175_1580237536386403_3051389953881635381_n.jpg,0,0.996711015701294
datasets/dataset/train/66dd0981-3fe9-4f21-b75d-188951a21d70.jpg,0,0.9993677735328674
datasets/dataset/train/671268727_26943421855249467_1870899099015818321_n.jpg,0,0.9998594522476196
datasets/dataset/train/6731acd7-95c5-4f76-8795-f7416252202f.jpg,0,0.9964540004730225
datasets/dataset/train/6731acd7-95c5-4f76-8795-f7416252202f_aligned.jpg,0,0.9989792108535767
datasets/dataset/train/675e89af-d0d1-47cc-881a-e4f7f9330bad_aligned.jpg,0,0.9939080476760864
datasets/dataset/train/676ef487-3b3a-486d-ac37-77c10e8124d0.jpg,0,0.9932711720466614
datasets/dataset/train/677205867_936108599214166_4508751651569466686_n.jpg,0,0.9523690938949585
datasets/dataset/train/678e4e00-1528-4046-a26c-d44b5a452a66.jpg,0,0.9991080164909363
datasets/dataset/train/678e4e00-1528-4046-a26c-d44b5a452a66_aligned.jpg,0,0.9996893405914307
datasets/dataset/train/67fbf090-1d8f-4646-a213-2a1e25463dde.jpg,0,0.9994472861289978
datasets/dataset/train/680243790_1641703517088499_3350233713769097273_n.jpg,0,0.9947294592857361
datasets/dataset/train/680586062_949881854556040_4386848476543680063_n.jpg,0,0.9986831545829773
datasets/dataset/train/681e3604-5dd0-4211-9a27-9b2dd9681d26.jpg,0,0.9996059536933899
datasets/dataset/train/684186264_10226320045987675_5897372500731447115_n.jpg,0,0.9984413981437683
datasets/dataset/train/689230797_2029529621294876_1736269485033921984_n.jpg,0,0.9992897510528564
datasets/dataset/train/68f4897b-17ea-4893-9a34-4ac3a4204604.jpg,0,0.99985671043396
datasets/dataset/train/69069159-e9fb-4bc8-b2fd-7bb887f6dba3.jpg,0,0.9981524348258972
datasets/dataset/train/697166543_1765476474834399_8773704396177426642_n.jpg,0,0.993855893611908
datasets/dataset/train/697793029_1765476428167737_2993455231686751794_n.jpg,0,0.9981817007064819
datasets/dataset/train/699987615_3907807062848937_2261521238530977305_n.jpg,0,0.999951958656311
datasets/dataset/train/69a03436-d1e3-4400-bc6e-d1017ee57db0.jpg,0,0.984748899936676
datasets/dataset/train/6a339a3c-62dd-4d9c-bc97-e5e9579db7bb.jpg,0,0.9979569911956787
datasets/dataset/train/6a339a3c-62dd-4d9c-bc97-e5e9579db7bb_aligned.jpg,0,0.9997753500938416
datasets/dataset/train/6b640c3e-8819-4209-a50a-cb742823414a_aligned.jpg,0,0.9996272325515747
datasets/dataset/train/6c0aed78-7eb3-4a57-bf53-3892a4b78e9d_aligned.jpg,0,0.9998434782028198
datasets/dataset/train/6c4ef540-6e80-4caf-8704-edcf0bc470b4_aligned.jpg,0,0.9998857975006104
datasets/dataset/train/6c643b24-c003-4612-9cd5-b76ca9c425bc.jpg,0,0.9984651803970337
datasets/dataset/train/6ca278d1-04bb-41c2-88fa-acee717ca1c6.jpg,0,0.9994285702705383
datasets/dataset/train/6ccf7f6b-fa3c-4462-83cb-f435bd7c8607_aligned.jpg,0,0.9999489784240723
datasets/dataset/train/6cfc9c3f-c174-4343-8e23-871140b7ee92.jpg,0,0.999138355255127
datasets/dataset/train/6d99107f-28b3-4438-a4b3-2650757a0658.jpg,0,0.9999375343322754
datasets/dataset/train/6f62708e-2acb-4860-86c4-4508a73f67d6_aligned.jpg,0,0.9989973902702332
datasets/dataset/train/6fb21821-cfeb-44ca-a9ae-49f23a06c036.jpg,0,0.9824547171592712
datasets/dataset/train/700266754_3907469709549339_6113744313743364729_n.jpg,0,0.999951958656311
datasets/dataset/train/702904202_1326897269363975_6572617737966963870_n.jpg,0,0.9946868419647217
datasets/dataset/train/704914448_1626772828579644_5417132048270178426_n.jpg,0,0.9999885559082031
datasets/dataset/train/705878463_1683282669376905_1904662447142678234_n.jpg,0,0.9999818801879883
datasets/dataset/train/705958125_1745600376802388_2016569379674564147_n.jpg,0,0.9998212456703186
datasets/dataset/train/70b6021c-badd-4785-8483-b14fdbd9936f.jpg,0,0.9918253421783447
datasets/dataset/train/70b6021c-badd-4785-8483-b14fdbd9936f_aligned.jpg,0,0.9971702694892883
datasets/dataset/train/711786992_27345686141785281_3547795982330610534_n.jpg,0,0.9996289014816284
datasets/dataset/train/712744624_1005832315236515_8933780525548734330_n.jpg,0,0.7353531122207642
datasets/dataset/train/71796089-3e98-43a7-ad11-5f3606fca357.jpg,0,0.9998151659965515
datasets/dataset/train/721626423_2828828720784196_293849187866530689_n.jpg,0,0.9992473125457764
datasets/dataset/train/724243433_2193256988126712_6930438153824176406_n.jpg,0,0.9996671676635742
datasets/dataset/train/724958276_2799691100395048_7391590500306437931_n.jpg,0,0.5919294953346252
datasets/dataset/train/725733518_1740577370593580_6731598558056804226_n.jpg,0,0.9990091323852539
datasets/dataset/train/729139480_4480418532104269_2369988737769331668_n.jpg,0,0.9996392726898193
datasets/dataset/train/729964758_875963638899508_1419797860085137211_n.jpg,0,0.9998912811279297
datasets/dataset/train/72a68ebc-e3dd-4010-b0fc-20420095e5d9.jpg,0,0.8207136988639832
datasets/dataset/train/731131358_3933300640297292_5606875091588021521_n.jpg,0,0.9999072551727295
datasets/dataset/train/732206993_122219522720499201_321610948726130134_n.jpg,0,0.984740674495697
datasets/dataset/train/73558afe-9814-4fec-9a7d-9916aa722aa0.jpg,0,0.9969910383224487
datasets/dataset/train/736931621_3301764056691759_1904861362928777354_n.jpg,0,0.9997785687446594
datasets/dataset/train/73750ded-945a-46c4-b701-ea782d9609fd_aligned.jpg,0,0.9999704360961914
datasets/dataset/train/7392967e-8b65-45f9-97db-e013115872f6.jpg,0,0.9972125887870789
datasets/dataset/train/749300670_1406450854716304_25186056260969048_n.jpg,0,0.998842179775238
datasets/dataset/train/751ecd4b-e35c-4bbc-8cf3-dc7a533f5ced.jpg,0,0.9998071789741516
datasets/dataset/train/754aa99b-fff6-42a2-9c17-8f4d3323d284.jpg,0,0.9996993541717529
datasets/dataset/train/757212135_2025050265045910_2952133554819413027_n.jpg,0,0.9408130645751953
datasets/dataset/train/75747db8-fcbb-4487-8a4a-7ce4f819a81d.jpg,0,0.999901294708252
datasets/dataset/train/75ebde53-6cb0-44a5-91fc-75c238e9fc22.jpg,0,0.9995818734169006
datasets/dataset/train/75f36fdf-d03e-4bb2-84e4-4c4ebef7edcb_aligned.jpg,0,0.9998294115066528
datasets/dataset/train/75f75da0-79cc-4011-b412-77010f470f68.jpg,0,0.9977610111236572
datasets/dataset/train/75f75da0-79cc-4011-b412-77010f470f68_aligned.jpg,0,0.9982675313949585
datasets/dataset/train/766d6a9d-118e-4f97-b4f8-c06c69204ea9.jpg,0,0.9916803240776062
datasets/dataset/train/767a76f9-98a8-4c09-a7b9-d47e1ab40518_aligned.jpg,0,0.9999681711196899
datasets/dataset/train/76918f17-aaa6-444b-8be4-ea9f38c34b87.jpg,0,0.9938158988952637
datasets/dataset/train/776dddf2-0266-4121-9b88-ee1586ac6daa.jpg,0,0.9939646124839783
datasets/dataset/train/77ef2817-92fe-4537-801e-b31aaa951af3.jpg,0,0.9995903372764587
datasets/dataset/train/77f481e6-71c1-4b0c-8b05-c1f0118519d8.jpg,0,0.9949113726615906
datasets/dataset/train/784e0ec1-5d6c-4e50-b1e3-c26588bb44e9.jpg,0,0.9170024394989014
datasets/dataset/train/784f5ac9-7001-4cf7-a5b5-bdc837b85555.jpg,0,0.9982303977012634
datasets/dataset/train/78cc565f-3373-4d00-b1c4-58ac69e9b6d0.jpg,0,0.9991260170936584
datasets/dataset/train/78d2bdf6-c22b-4987-acf5-5bb44c58f3b6.jpg,0,0.9976108074188232
datasets/dataset/train/79252e8a-3196-4b45-bac0-c0de6e5c8a55_aligned.jpg,0,0.9999905824661255
datasets/dataset/train/7934be51-440d-43fc-b123-ba998a6b0d9f.jpg,0,0.9999144077301025
datasets/dataset/train/7934be51-440d-43fc-b123-ba998a6b0d9f_aligned.jpg,0,0.999954104423523
datasets/dataset/train/79f4f5df-86e1-4d32-9459-d3fc4ad2709c.jpg,0,0.9978450536727905
datasets/dataset/train/7a83713e-53a7-43f4-a432-3ddb8f3157f3_aligned.jpg,0,0.9998540878295898
datasets/dataset/train/7b44d120-106c-464c-82b0-92042d9b1d4c.jpg,0,0.9985451698303223
datasets/dataset/train/7b9d3b2f-907d-46a1-90ab-5ccc19917a1d_aligned.jpg,0,0.9996273517608643
datasets/dataset/train/7b9eb442-15d2-4a92-b4f6-f5a090803f10_aligned.jpg,0,0.9999533891677856
datasets/dataset/train/7bc5f7d5-8064-408a-a1a3-434bf302123c.jpg,0,0.9857757687568665
datasets/dataset/train/7c01666f-19bf-42ab-ad34-e94143057012.jpg,0,0.9980429410934448
datasets/dataset/train/7c3ee519-3881-4e51-9fb7-7cc4d7208772.jpg,0,0.9875560402870178
datasets/dataset/train/7c3ee519-3881-4e51-9fb7-7cc4d7208772_aligned.jpg,0,0.9987229704856873
datasets/dataset/train/7cefffa3-9dd5-4c29-8803-be62e71f95df_aligned.jpg,0,0.9999591112136841
datasets/dataset/train/7cf8ee49-accb-4fb7-86b0-a3aac54420ce_aligned.jpg,0,0.999948263168335
datasets/dataset/train/7db50da4-1f2d-429c-84e0-72e9fad1b70b.jpg,0,0.9998220801353455
datasets/dataset/train/7dce6052-84c0-45f0-a89a-077c7c7d9a2a_aligned.jpg,0,0.9999392032623291
datasets/dataset/train/7de7ae6c-7855-4728-9236-ffbd9351a2e5.jpg,0,0.999579131603241
datasets/dataset/train/7de7ae6c-7855-4728-9236-ffbd9351a2e5_aligned.jpg,0,0.9997583031654358
datasets/dataset/train/7f2436f2-a0a0-4a26-b688-e7584bcde81e.jpg,0,0.9970721006393433
datasets/dataset/train/7fb57342-bd26-4573-bb0f-88bde0f6d4e9_aligned.jpg,0,0.9997523427009583
datasets/dataset/train/7fd4eab3-3cc1-4b24-976a-5d2fca60011f.jpg,0,0.9952890872955322
datasets/dataset/train/804af7dc-217a-4cf0-9b44-92f9fcbd00a9.jpg,0,0.9979496598243713
datasets/dataset/train/819ea980-5a40-4752-a5a5-9c6fa48993c6.jpg,0,0.9999744892120361
datasets/dataset/train/81a80ea3-0a46-4eed-8029-6bc198b879b8.jpg,0,0.9991342425346375
datasets/dataset/train/81bbe262-23e3-42a6-b742-61021c9f1903.jpg,0,0.9997993111610413
datasets/dataset/train/82ec59a5-76bd-44f6-924f-f4154c8cb8ea.jpg,0,0.9915932416915894
datasets/dataset/train/82ec59a5-76bd-44f6-924f-f4154c8cb8ea_aligned.jpg,0,0.9697573781013489
datasets/dataset/train/83254ba9-27c7-4582-b841-4cd57ea17794.jpg,0,0.9979724287986755
datasets/dataset/train/83a077ee-2030-4f27-9131-1ac4c7119906.jpg,0,0.9985260963439941
datasets/dataset/train/84290c32-8c84-4600-8c14-e022d3a8ab4d_aligned.jpg,0,0.9996490478515625
datasets/dataset/train/8443510e-5f11-45ed-a1aa-a8d7481c25c1_aligned.jpg,0,0.9999899864196777
datasets/dataset/train/845b0f16-e7b5-4f8b-b10d-2f4fe9d3b7ea_aligned.jpg,0,0.9998030066490173
datasets/dataset/train/84af930c-07e9-4c8f-a2e1-d3e441d8958a.jpg,0,0.9966101050376892
datasets/dataset/train/84dc54f8-8e38-4bd7-a94a-9a5787416884.jpg,0,0.9992254972457886
datasets/dataset/train/84e7c143-8369-4cee-8231-f5355601c49f.jpg,0,0.9971265196800232
datasets/dataset/train/85168629-54c3-4059-b015-b110af7d8f9b.jpg,0,0.9751710891723633
datasets/dataset/train/853ca11d-c5ba-4f04-8ba7-2a9f572e705b.jpg,0,0.9951527118682861
datasets/dataset/train/855ecdc0-f160-428c-975d-d37a1ca6c812_aligned.jpg,0,0.9996693134307861
datasets/dataset/train/859efeb4-6337-4fee-9541-e0b64d67f001.jpg,0,0.9991911053657532
datasets/dataset/train/859efeb4-6337-4fee-9541-e0b64d67f001_aligned.jpg,0,0.9984488487243652
datasets/dataset/train/85c16e16-6fa3-40fc-9b77-c316b522b0b5_aligned.jpg,0,0.999954104423523
datasets/dataset/train/85f0705d-c4b2-47d7-80a8-0fd73a576206.jpg,0,0.9995347261428833
datasets/dataset/train/86151d21-b6ff-44a1-9078-c2aa4343dc33.jpg,0,0.990168571472168
datasets/dataset/train/865e9932-5fa6-478b-8a35-2865f9c17242.jpg,0,0.9991329312324524
datasets/dataset/train/86ba62a2-b82e-48c0-8b8c-d29cb20877e3.jpg,0,0.9995580315589905
datasets/dataset/train/872ae83c-5d9c-46c9-bb52-aa4d32f18612_aligned.jpg,0,0.9998470544815063
datasets/dataset/train/87b5aa5d-4864-4c30-864b-e7ea202624a6_aligned.jpg,0,0.999901533126831
datasets/dataset/train/87d0f46e-51a5-44bc-a441-d66287e0c856.jpg,0,0.9986801743507385
datasets/dataset/train/87d0f46e-51a5-44bc-a441-d66287e0c856_aligned.jpg,0,0.9999681711196899
datasets/dataset/train/881ef659-36eb-48ab-8f33-376003e94c8c_aligned.jpg,0,0.9997881054878235
datasets/dataset/train/88ad1e5d-2316-4ae0-b396-52b3d24e6f6e.jpg,0,0.9566737413406372
datasets/dataset/train/8924942e-8d83-45c1-b60f-46703ed507ee.jpg,0,0.9989534616470337
datasets/dataset/train/89d26bac-0f85-42e0-a8e6-12d192f00bb0.jpg,0,0.9976900815963745
datasets/dataset/train/8a21c87c-9382-4062-868a-7fd9ce26ea28.jpg,0,0.9985066056251526
datasets/dataset/train/8aadeadf-0246-4982-8ba3-16696306a9e0.jpg,0,0.9976314306259155
datasets/dataset/train/8abd4aa0-7f63-4e31-baf6-7b53503470e7.jpg,0,0.9863066673278809
datasets/dataset/train/8bc1de76-5814-4ed0-81eb-7bf3c1e61c2e.jpg,0,0.9865307211875916
datasets/dataset/train/8c2c778b-5318-4743-ba0f-cf38e190e5c5.jpg,0,0.9997203946113586
datasets/dataset/train/8c5de0df-aee2-4440-b839-1daf5e88c0c5_aligned.jpg,0,0.9999929666519165
datasets/dataset/train/8c89b811-7911-4f4f-add8-f14889ffb7ce.jpg,0,0.9946133494377136
datasets/dataset/train/8c8c9b8d-db2e-4de1-8ffe-e24b17b9e678.jpg,0,0.9932646751403809
datasets/dataset/train/8cb678d2-e545-40b4-ba1f-7f8c393b57e4.jpg,0,0.9890103936195374
datasets/dataset/train/8cc220ba-89a7-43e4-85eb-912888ca0462_aligned.jpg,0,0.9999628067016602
datasets/dataset/train/8ce7e9c9-e905-4a6c-8ca9-4905e3404af4.jpg,0,0.9992040991783142
datasets/dataset/train/8d0511b0-ffde-414e-9193-13c03471e9bc.jpg,0,0.9958528280258179
datasets/dataset/train/8e63a6b0-41bc-47a3-9243-a28ee4851ebc.jpg,0,0.9946052432060242
datasets/dataset/train/9005ef2f-42e3-4bb8-a859-1ef78b1586e9.jpg,0,0.9994823932647705
datasets/dataset/train/90525393-02fa-4fce-8d44-e0275afd0c7d.jpg,0,0.9998996257781982
datasets/dataset/train/906fd57c-5182-4663-b0ca-2aa610140208.jpg,0,0.9992876648902893
datasets/dataset/train/90bfeee1-f5bf-4b1f-9f67-f2e78cdede00.jpg,0,0.9968552589416504
datasets/dataset/train/90e61662-04b3-494a-9792-c11523650cc6_aligned.jpg,0,0.9999127388000488
datasets/dataset/train/9174b827-f08d-4748-8c07-8fe8508676fa.jpg,0,0.9883670210838318
datasets/dataset/train/91c8bbe1-96da-4205-a70c-72aa22a14365.jpg,0,0.7532325387001038
datasets/dataset/train/924495ba-1fcd-4312-ab07-7c678eee898e.jpg,0,0.9991011619567871
datasets/dataset/train/92485a65-c9b6-4f12-8f84-67ce772d2318_aligned.jpg,0,0.9999450445175171
datasets/dataset/train/924ecbc9-051a-4fef-b3a2-eaa866526e40.jpg,0,0.9991287589073181
datasets/dataset/train/92899964-d9a8-4daa-8fb5-f12b6ac03b05.jpg,0,0.9904500842094421
datasets/dataset/train/92b150cf-f9a9-49a9-991b-7e502ba92c41.jpg,0,0.9693551063537598
datasets/dataset/train/92c4afe4-f4cc-474b-be5a-7a2c8e3af417.jpg,0,0.9982170462608337
datasets/dataset/train/9431f2ca-0479-4860-bc90-78276660293d.jpg,0,0.5571229457855225
datasets/dataset/train/94a11d56-0ff7-4db2-8ad9-17524e84bc49.jpg,0,0.9968175888061523
datasets/dataset/train/94cac27e-dca1-4b94-9d10-fb6064833ebe.jpg,0,0.9814949035644531
datasets/dataset/train/94cac27e-dca1-4b94-9d10-fb6064833ebe_aligned.jpg,0,0.9064078330993652
datasets/dataset/train/94fa9e44-2609-41f2-9485-8ac44eae9566.jpg,0,0.9971445202827454
datasets/dataset/train/956e4c35-93f3-46f3-a1a2-3943ccd1034e.jpg,0,0.9903116226196289
datasets/dataset/train/959324c1-87ec-417f-b882-c6113cdbd187.jpg,0,0.9882686138153076
datasets/dataset/train/95b5d7d0-2122-4dde-a336-d36a92aa32c0_aligned.jpg,0,0.9996987581253052
datasets/dataset/train/95e41892-657a-43ea-8cd0-76d604688634.jpg,0,0.9985951781272888
datasets/dataset/train/963ed5ca-85c8-4317-b6ca-a744bf51c4b6_aligned.jpg,0,0.9999704360961914
datasets/dataset/train/9697c154-018c-4421-8381-f4cce730ba2a_aligned.jpg,0,0.9999727010726929
datasets/dataset/train/96c04986-e5c7-42a1-a17d-7faf0b894992.jpg,0,0.9982494115829468
datasets/dataset/train/96d38444-c712-4a73-9bb7-168b556f7e2c.jpg,0,0.9871634244918823
datasets/dataset/train/9714257f-5fb2-40b2-bd0f-7abe9224c15f_aligned.jpg,0,0.988102376461029
datasets/dataset/train/975c0fbb-688d-42b0-a764-8571effeac1c.jpg,0,0.999200165271759
datasets/dataset/train/976b20e5-3532-4c67-a9d4-673ddc2a3c20.jpg,0,0.9984641075134277
datasets/dataset/train/97a38619-42ff-4134-934a-7046d08f01f6.jpg,0,0.900777280330658
datasets/dataset/train/982920ab-ebe0-447f-822f-b0e6445b65ea.jpg,0,0.9945502877235413
datasets/dataset/train/98966eeb-a1f4-4cdb-b598-1120837894cf_aligned.jpg,0,0.9999467134475708
datasets/dataset/train/98b5ba0e-9b5f-42b4-9e37-757af66fe674.jpg,0,0.9971286654472351
datasets/dataset/train/98cea11b-e631-4dd0-b661-62b6d13e7f35_aligned.jpg,0,0.9994245767593384
datasets/dataset/train/98e54149-f9cc-4986-a18a-61662995e2da.jpg,0,0.9998780488967896
datasets/dataset/train/98eedc1e-8b73-4573-a0de-90b86b2a3915_aligned.jpg,0,0.9998772144317627
datasets/dataset/train/9995681b-6e55-44fa-8def-3ee21e70bfa4.jpg,0,0.9980155229568481
datasets/dataset/train/9a5042b3-d537-4b37-8302-4b91c267d378.jpg,0,0.9958637952804565
datasets/dataset/train/9ab3f0f8-fbd9-414b-8929-71354a0eafa4.jpg,1,0.525208055973053
datasets/dataset/train/9b3ea538-2d11-4328-b1f0-dc0395ab9d4c.jpg,0,0.5176419019699097
datasets/dataset/train/9bc72676-d6b7-4e29-93f2-80b2926a54b1_aligned.jpg,0,0.9998794794082642
datasets/dataset/train/9bff22e2-1e35-4911-a208-7ffafdd9f2ce.jpg,0,0.9955184459686279
datasets/dataset/train/9bff22e2-1e35-4911-a208-7ffafdd9f2ce_aligned.jpg,0,0.9999260902404785
datasets/dataset/train/9c07d409-187b-429b-b00c-ce28e6263c7a.jpg,0,0.999977707862854
datasets/dataset/train/9c900e41-0f3b-4472-81ce-a84485e50f99.jpg,0,0.9876320362091064
datasets/dataset/train/9d7d02d9-43f6-432b-b868-b378b27d108a.jpg,0,0.9990373849868774
datasets/dataset/train/9ed0c9bb-31f5-47ad-8c43-7ba3f097906c.jpg,0,0.9845021367073059
datasets/dataset/train/9ef7eb03-f8ac-4255-9700-0e469603869f.jpg,0,0.9997963309288025
datasets/dataset/train/9fc75963-9381-4ec4-9e49-94db68787830.jpg,0,0.9998663663864136
datasets/dataset/train/9fcff673-4f90-4e57-9c06-03ad0938ecd6.jpg,0,0.9952117800712585
datasets/dataset/train/9fcff673-4f90-4e57-9c06-03ad0938ecd6_aligned.jpg,0,0.9988172650337219
datasets/dataset/train/CCVX (1)_0.jpg,1,0.9709742665290833
datasets/dataset/train/CVX (2)_0.jpg,1,0.9999017715454102
datasets/dataset/train/CamScanner 06-02-2021 15.03_14_0.jpg,1,0.998826801776886
datasets/dataset/train/DANG KY (2)_0.jpg,0,0.9975288510322571
datasets/dataset/train/GTX (9)_0.jpg,0,0.999943733215332
datasets/dataset/train/IMG_0001_0.jpg,0,0.9994996786117554
datasets/dataset/train/IMG_0114_0.jpg,0,0.9997500777244568
datasets/dataset/train/IMG_02072016_125453_0.jpg,1,0.972272515296936
datasets/dataset/train/IMG_0259 (2)_0.jpg,0,0.9996707439422607
datasets/dataset/train/IMG_0348_0.jpg,1,0.9989211559295654
datasets/dataset/train/IMG_0370_0.jpg,0,0.9991051554679871
datasets/dataset/train/IMG_0378.jpg,1,0.8346500992774963
datasets/dataset/train/IMG_0431_0.jpg,0,0.9999831914901733
datasets/dataset/train/IMG_0472_0.jpg,0,0.9985079169273376
datasets/dataset/train/IMG_0553_0.jpg,0,0.9994646906852722
datasets/dataset/train/IMG_0630_0.jpg,1,0.9998983144760132
datasets/dataset/train/IMG_0638_0.jpg,0,0.9998949766159058
datasets/dataset/train/IMG_0962 (2)_0.jpg,1,0.9893667101860046
datasets/dataset/train/IMG_1027 (2)_0.jpg,0,0.9986847043037415
datasets/dataset/train/IMG_1067_0.jpg,0,0.999539852142334
datasets/dataset/train/IMG_1132_0.jpg,1,0.9998742341995239
datasets/dataset/train/IMG_1160_0.jpg,0,0.9988963603973389
datasets/dataset/train/IMG_1243_0.jpg,0,0.9998809099197388
datasets/dataset/train/IMG_1418.jpg,0,0.9992266893386841
datasets/dataset/train/IMG_1419_0.jpg,0,0.9954661130905151
datasets/dataset/train/IMG_1513_0.jpg,0,0.9999586343765259
datasets/dataset/train/IMG_1600_0.jpg,0,0.9997277855873108
datasets/dataset/train/IMG_1640_0.jpg,1,0.9776045083999634
datasets/dataset/train/IMG_1781_1.jpg,1,0.9763268232345581
datasets/dataset/train/IMG_1811_0.jpg,0,0.9995038509368896
datasets/dataset/train/IMG_1844_0.jpg,1,0.9648450613021851
datasets/dataset/train/IMG_1975_0.jpg,1,0.9796645641326904
datasets/dataset/train/IMG_1977.jpg,1,0.7537974715232849
datasets/dataset/train/IMG_20210222_085549_762_0.jpg,1,0.9989917874336243
datasets/dataset/train/IMG_20210222_101241_844_0.jpg,1,0.99832683801651
datasets/dataset/train/IMG_20210226_093627_594_0.jpg,0,0.9999163150787354
datasets/dataset/train/IMG_20210227_093213_313_0.jpg,0,0.9999344348907471
datasets/dataset/train/IMG_20210303_084327_000_0.jpg,1,0.9997419714927673
datasets/dataset/train/IMG_20210309_092938_458_0.jpg,1,0.9952234625816345
datasets/dataset/train/IMG_20210325_095810_091_0.jpg,1,0.9996035695075989
datasets/dataset/train/IMG_20210325_110354_978_0.jpg,1,0.9994033575057983
datasets/dataset/train/IMG_20210325_134939_200_0.jpg,1,0.9999133348464966
datasets/dataset/train/IMG_20210329_094454_196_0.jpg,1,0.9999984502792358
datasets/dataset/train/IMG_20210329_111113_458_0.jpg,0,0.9992392063140869
datasets/dataset/train/IMG_20210401_080457_893_0.jpg,0,0.9999279975891113
datasets/dataset/train/IMG_20210402_083353_780_0.jpg,0,0.9997633099555969
datasets/dataset/train/IMG_20210402_090853_659_0.jpg,1,0.9982006549835205
datasets/dataset/train/IMG_20210405_113310_128_0.jpg,0,0.9999568462371826
datasets/dataset/train/IMG_20210409_083013_713_1.jpg,1,0.9958041310310364
datasets/dataset/train/IMG_20210412_111932_390_0.jpg,0,0.9976198077201843
datasets/dataset/train/IMG_20210413_101305_325_0.jpg,1,0.985811710357666
datasets/dataset/train/IMG_20210416_081255_197_0.jpg,1,0.9997900128364563
datasets/dataset/train/IMG_20210426_095252_071_0.jpg,1,0.9997954964637756
datasets/dataset/train/IMG_20210426_095553_832_0.jpg,1,0.9994367957115173
datasets/dataset/train/IMG_20210426_123016_954_0.jpg,1,0.9998487234115601
datasets/dataset/train/IMG_20210427_083136_715_0.jpg,1,0.9999822378158569
datasets/dataset/train/IMG_20210427_110745_715_0.jpg,1,0.9999532699584961
datasets/dataset/train/IMG_20210504_081441_898_0.jpg,1,0.9990109205245972
datasets/dataset/train/IMG_20210504_082234_231_0.jpg,1,0.999984622001648
datasets/dataset/train/IMG_20210505_082802_467.jpg,0,0.9968200922012329
datasets/dataset/train/IMG_20210506_092609_900_0.jpg,0,0.9995111227035522
datasets/dataset/train/IMG_20210508_104259_610_0.jpg,1,0.9989919066429138
datasets/dataset/train/IMG_20210508_141752_971_0.jpg,1,0.9997356534004211
datasets/dataset/train/IMG_20210508_142443_257_0.jpg,0,0.9823992252349854
datasets/dataset/train/IMG_20210511_101904_397_0.jpg,1,0.9996317625045776
datasets/dataset/train/IMG_20210512_120435_980_0.jpg,1,0.9999934434890747
datasets/dataset/train/IMG_20210513_091526_206_0.jpg,0,0.9993864297866821
datasets/dataset/train/IMG_20210513_094406_0.jpg,0,0.999894380569458
datasets/dataset/train/IMG_20210514_102228_191_0.jpg,1,0.9999321699142456
datasets/dataset/train/IMG_20210514_105536_787_0.jpg,0,0.9999659061431885
datasets/dataset/train/IMG_20210514_151834_061_0.jpg,0,0.99281245470047
datasets/dataset/train/IMG_20210517_134155_530_0.jpg,1,0.9997751116752625
datasets/dataset/train/IMG_20210518_082019_385_0.jpg,0,0.9999836683273315
datasets/dataset/train/IMG_20210518_085610_919_0.jpg,1,0.9909769296646118
datasets/dataset/train/IMG_20210518_101449_452_0.jpg,1,0.9999041557312012
datasets/dataset/train/IMG_20210519_114415_902_0.jpg,0,0.9999558925628662
datasets/dataset/train/IMG_20210520_094433_450_0.jpg,1,0.9999326467514038
datasets/dataset/train/IMG_20210520_105434_199_0.jpg,0,0.999881386756897
datasets/dataset/train/IMG_20210521_124946_0.jpg,0,0.999951958656311
datasets/dataset/train/IMG_20210521_160235_106_0.jpg,1,0.9993034601211548
datasets/dataset/train/IMG_20210522_101803_080_0.jpg,0,0.9999489784240723
datasets/dataset/train/IMG_20210522_133938_253_0.jpg,0,0.9999676942825317
datasets/dataset/train/IMG_20210522_141548_463_0.jpg,0,0.999666690826416
datasets/dataset/train/IMG_20210524_104133_814_0.jpg,0,0.999942421913147
datasets/dataset/train/IMG_20210526_100620_825_0.jpg,1,0.9958838820457458
datasets/dataset/train/IMG_20210527_032343_1.jpg,1,0.9988409876823425
datasets/dataset/train/IMG_20210531_083956_308_0.jpg,1,0.9998905658721924
datasets/dataset/train/IMG_20210531_091027_648_0.jpg,0,0.9981397390365601
datasets/dataset/train/IMG_20210531_101757_964_0.jpg,1,0.9990239143371582
datasets/dataset/train/IMG_20210602_095008_373_0.jpg,0,0.9998130202293396
datasets/dataset/train/IMG_20210608_092129_099_0.jpg,1,0.9999392032623291
datasets/dataset/train/IMG_20210614_102050_946_0.jpg,1,0.999969482421875
datasets/dataset/train/IMG_20210614_103741_718_0.jpg,1,0.9999803304672241
datasets/dataset/train/IMG_20210615_102959_463_0.jpg,1,0.9999850988388062
datasets/dataset/train/IMG_20211004_075107_403_0.jpg,0,0.9985283613204956
datasets/dataset/train/IMG_20211005_083501_390_0.jpg,1,0.9999371767044067
datasets/dataset/train/IMG_20211005_100720_194_0.jpg,1,0.9906316995620728
datasets/dataset/train/IMG_20211005_100721_784_0.jpg,1,0.996179461479187
datasets/dataset/train/IMG_20211006_084253_044_0.jpg,0,0.9993083477020264
datasets/dataset/train/IMG_20211009_091451_935_0.jpg,0,0.9998745918273926
datasets/dataset/train/IMG_20211013_101645_810_1.jpg,1,0.9806617498397827
datasets/dataset/train/IMG_20211013_112901_720_0.jpg,0,0.9997275471687317
datasets/dataset/train/IMG_20211015_103841_928_0.jpg,1,0.9983848333358765
datasets/dataset/train/IMG_20211020_094455_346_0.jpg,0,0.9983211159706116
datasets/dataset/train/IMG_20211020_110450_593_0.jpg,0,0.9995182752609253
datasets/dataset/train/IMG_20211025_105848_219_0.jpg,0,0.9997492432594299
datasets/dataset/train/IMG_20211025_112800_858_0.jpg,1,0.9997839331626892
datasets/dataset/train/IMG_20211029_090500_045_0.jpg,1,0.9998310804367065
datasets/dataset/train/IMG_20211031_085321_367_0.jpg,0,0.9907974004745483
datasets/dataset/train/IMG_20211104_094736_694_0.jpg,0,0.9999513626098633
datasets/dataset/train/IMG_20211104_130230_323_0.jpg,1,0.9942230582237244
datasets/dataset/train/IMG_20211110_100730_428_0.jpg,1,0.9994440674781799
datasets/dataset/train/IMG_20211113_084210_861_0.jpg,0,0.9994841814041138
datasets/dataset/train/IMG_20220124_105807_382_0.jpg,0,0.9989457726478577
datasets/dataset/train/IMG_20220209_143029_563_0.jpg,0,0.9998199343681335
datasets/dataset/train/IMG_20220210_091419_304_0.jpg,1,0.9980851411819458
datasets/dataset/train/IMG_20220212_080741_464_0.jpg,0,0.9982036352157593
datasets/dataset/train/IMG_20220222_091839_118_0.jpg,1,0.5922585725784302
datasets/dataset/train/IMG_2283_0.jpg,0,0.999874472618103
datasets/dataset/train/IMG_2533_0.jpg,0,0.9995794892311096
datasets/dataset/train/IMG_2883_0.jpg,0,0.997714638710022
datasets/dataset/train/IMG_3134_0.jpg,0,0.9998390674591064
datasets/dataset/train/IMG_3712_0.jpg,0,0.9999932050704956
datasets/dataset/train/IMG_4052_0.jpg,1,0.5607088804244995
datasets/dataset/train/IMG_4832_1.jpg,1,0.9998894929885864
datasets/dataset/train/IMG_5046_0.jpg,0,0.9816199541091919
datasets/dataset/train/IMG_5228_0.jpg,1,0.9998229146003723
datasets/dataset/train/IMG_5319_0.jpg,0,0.9993969202041626
datasets/dataset/train/IMG_5488_0.jpg,0,0.9999083280563354
datasets/dataset/train/IMG_5858_0.jpg,1,0.996185839176178
datasets/dataset/train/IMG_5940_0.jpg,0,0.9999668598175049
datasets/dataset/train/IMG_6054_0.jpg,0,0.9994401335716248
datasets/dataset/train/IMG_6098_0.jpg,0,0.9999499320983887
datasets/dataset/train/IMG_6135_0.jpg,0,0.6143957376480103
datasets/dataset/train/IMG_6219_0.jpg,1,0.9991210103034973
datasets/dataset/train/IMG_6492_0.jpg,0,0.9998307228088379
datasets/dataset/train/IMG_6498_0.jpg,0,0.999589741230011
datasets/dataset/train/IMG_6771_0.jpg,0,0.9999895095825195
datasets/dataset/train/IMG_6854_0.jpg,0,0.999904990196228
datasets/dataset/train/IMG_7736_0.jpg,0,0.9996034502983093
datasets/dataset/train/IMG_8245_0.jpg,0,0.9999423027038574
datasets/dataset/train/IMG_8317_0.jpg,1,0.9890207648277283
datasets/dataset/train/IMG_8606_0.jpg,1,0.9999829530715942
datasets/dataset/train/IMG_8717_0.jpg,1,0.9762756824493408
datasets/dataset/train/IMG_8987_2.jpg,1,0.9993622899055481
datasets/dataset/train/IMG_9126.jpg,0,0.9987401366233826
datasets/dataset/train/IMG_9181_0.jpg,1,0.984446108341217
datasets/dataset/train/IMG_9304_0.jpg,0,0.9998863935470581
datasets/dataset/train/IMG_9453_0.jpg,0,0.999723494052887
datasets/dataset/train/IMG_9684_0.jpg,0,0.9999217987060547
datasets/dataset/train/IMG_9803_0.jpg,0,0.996046245098114
datasets/dataset/train/IMG_9852_0.jpg,0,0.9999686479568481
datasets/dataset/train/IMG_UPLOAD_20210303_083159_0.jpg,1,0.9997411370277405
datasets/dataset/train/TimePhoto_20210406_005535_0.jpg,0,0.9996711015701294
datasets/dataset/train/TimePhoto_20210610_055425_0.jpg,1,0.9997368454933167
datasets/dataset/train/TimePhoto_20210612_162133_0.jpg,0,0.9999667406082153
datasets/dataset/train/TimePhoto_20210614_100609_0.jpg,0,0.9998888969421387
datasets/dataset/train/a15847ff-847f-4f1d-8152-058111832710_aligned.jpg,0,0.999887228012085
datasets/dataset/train/a1ab3a10-7ded-4c7f-b5d7-e238656f9252.jpg,0,0.9987013339996338
datasets/dataset/train/a30a0c21-597b-44da-b4b9-c665cfaae8d7.jpg,0,0.9971027970314026
datasets/dataset/train/a3416b30-935d-445b-b0c0-7714ed785e7d_aligned.jpg,0,0.9999392032623291
datasets/dataset/train/a3fece71-9965-49be-b91f-1b7b8392ec34.jpg,0,0.9999624490737915
datasets/dataset/train/a471b299-3c3c-42cb-9681-cfd37d5094ac.jpg,0,0.9978087544441223
datasets/dataset/train/a4bf6ea7-d27c-4c06-ad3a-fa4c1f066391.jpg,0,0.8922341465950012
datasets/dataset/train/a4f64bed-6790-4bdb-8c11-ba36a14c5133_aligned.jpg,0,0.9989781379699707
datasets/dataset/train/a5a2c098-8ac7-4145-a3db-9eb8501fe95d.jpg,0,0.9805764555931091
datasets/dataset/train/a5ce6696-7d9c-49ec-8221-77eebb1af211_aligned.jpg,0,0.9999252557754517
datasets/dataset/train/a5dd7e70-8798-4a06-8a19-98d8a2dafa17_aligned.jpg,0,0.9934802055358887
datasets/dataset/train/a662f774-3238-477f-9527-9b83ec7eb7d8_aligned.jpg,0,0.9999197721481323
datasets/dataset/train/a67ee5b4-9500-4d6c-906e-64f384e558e4_aligned.jpg,0,0.9991891980171204
datasets/dataset/train/a6c4c303-34e3-43c0-b749-4bd056a7888b.jpg,0,0.9827911257743835
datasets/dataset/train/a760399d-29e4-4194-8aa7-9954ef567154.jpg,0,0.9974972605705261
datasets/dataset/train/a77797b2-ca2e-437f-b1c9-974c14556683_aligned.jpg,0,0.9997016787528992
datasets/dataset/train/a7814226-1846-47b2-9981-efaee49ec772.jpg,0,0.9989622831344604
datasets/dataset/train/a816bb22-784d-4add-bcc6-42144677af0a_aligned.jpg,0,0.9998934268951416
datasets/dataset/train/a86789c6-269e-4a2e-95e3-86266072011e.jpg,0,0.9213649034500122
datasets/dataset/train/a89d6675-91c4-4983-92c9-7de1c6a22032.jpg,0,0.9876318573951721
datasets/dataset/train/a8c089cb-6165-4152-b903-060cc06d967c_aligned.jpg,0,0.9999372959136963
datasets/dataset/train/a9aad26f-2f7c-4bf3-af3d-86cc20f7822c.jpg,0,0.9995482563972473
datasets/dataset/train/aa08326a-507e-46f1-a4c3-ba2871addecb.jpg,0,0.8500868678092957
datasets/dataset/train/aa248b54-1c1b-4f96-a329-6a98f7e91c59.jpg,0,0.9998311996459961
datasets/dataset/train/aa80b92c-9330-4d92-b050-380f7251ec77_aligned.jpg,0,0.9999042749404907
datasets/dataset/train/aad754e1-9bc6-4584-bc3a-1bac02e924c3.jpg,0,0.9946828484535217
datasets/dataset/train/ac5de61a-8753-4eac-a532-fdf7663e4e5a_aligned.jpg,0,0.9985199570655823
datasets/dataset/train/acb2935f-860a-4f54-81bb-1f901e23e68f.jpg,0,0.903337299823761
datasets/dataset/train/adb75915-41f0-4ba0-993f-8c1aa428d0d2_aligned.jpg,0,0.998055100440979
datasets/dataset/train/ae212d29-0d03-49d3-b1b0-1e10215ae3ba_aligned.jpg,0,0.9999665021896362
datasets/dataset/train/ae564c00-b0a8-44e2-b1bf-ca6483e2aef8_aligned.jpg,0,0.999783456325531
datasets/dataset/train/ae5687b3-67a3-4eec-89c8-e940ffb0bad0.jpg,0,0.9865441918373108
datasets/dataset/train/aeb97f24-6591-4689-8d07-7cda0884f7bd.jpg,0,0.9984045624732971
datasets/dataset/train/aedb54fd-b7c2-4b24-8abb-bcf91af0094e.jpg,0,0.999482274055481
datasets/dataset/train/af220158-e979-4226-a77d-2784465996bc_aligned.jpg,0,0.9999939203262329
datasets/dataset/train/af22cf93-544b-4378-9577-cc3dd3a25f4c_aligned.jpg,0,0.9991165995597839
datasets/dataset/train/af701e09-273c-4a67-aed2-ca858f2a7ae6.jpg,0,0.9994939565658569
datasets/dataset/train/align_1 (1).jpg,0,0.9842450022697449
datasets/dataset/train/align_1 (19).jpg,1,0.9964979887008667
datasets/dataset/train/align_1 (4).jpg,0,0.9994334578514099
datasets/dataset/train/align_1 (8) dated.jpg,1,0.9999814033508301
datasets/dataset/train/align_1215137-558789-dk-xyu2hjm9n8580aisr0v4.jpg,0,0.9984048008918762
datasets/dataset/train/align_1468931959046_12884.jpg,1,0.9988347887992859
datasets/dataset/train/align_1468932580342_13072.jpg,0,0.9962248802185059
datasets/dataset/train/align_1468932581023_13073.jpg,0,0.9999690055847168
datasets/dataset/train/align_1469429138965_14201.jpg,0,0.9838698506355286
datasets/dataset/train/align_1469618546810_15097.jpg,1,0.9974431991577148
datasets/dataset/train/align_1470037224635_15944.jpg,0,0.9997351765632629
datasets/dataset/train/align_1470037224954_15945.jpg,0,0.9987840056419373
datasets/dataset/train/align_1470210967795_16203.jpg,1,0.997840166091919
datasets/dataset/train/align_1470210987593_16349.jpg,0,0.9990488886833191
datasets/dataset/train/align_1470295179937_16538.jpg,0,0.9998227953910828
datasets/dataset/train/align_1470295180256_16539.jpg,0,0.9994346499443054
datasets/dataset/train/align_1471861686509_20040.jpg,0,0.9998626708984375
datasets/dataset/train/align_1473144937337_23233.jpg,0,0.9990814924240112
datasets/dataset/train/align_1473152626281_23391.jpg,1,0.9569842219352722
datasets/dataset/train/align_1473843099654_26351.jpg,0,0.9825690984725952
datasets/dataset/train/align_1474342966692_28069.jpg,1,0.9996496438980103
datasets/dataset/train/align_1475664392017_31648.jpg,1,0.9996258020401001
datasets/dataset/train/align_1476261369863_33069.jpg,1,0.9998974800109863
datasets/dataset/train/align_1476267278670_33132.jpg,1,0.9996446371078491
datasets/dataset/train/align_1476340159301_33499.jpg,0,0.9997952580451965
datasets/dataset/train/align_1476340755916_33525.jpg,1,0.9959014058113098
datasets/dataset/train/align_1476700601750_34265.jpg,1,0.9974767565727234
datasets/dataset/train/align_1476958973260_34953.jpg,1,0.9974830746650696
datasets/dataset/train/align_1477309526454_35671.jpg,1,0.9999446868896484
datasets/dataset/train/align_1607308090335.jpg,1,0.9963100552558899
datasets/dataset/train/align_1609919280070.jpg,1,0.9908378720283508
datasets/dataset/train/align_1612579504931.jpg,0,0.9972368478775024
datasets/dataset/train/align_1612581819117.jpg,0,0.9999532699584961
datasets/dataset/train/align_1613717079148.jpg,1,0.9846625328063965
datasets/dataset/train/align_1613717080545.jpg,1,0.9976605176925659
datasets/dataset/train/align_1614043816809.jpg,1,0.9995649456977844
datasets/dataset/train/align_1615598940853.jpg,0,0.996566653251648
datasets/dataset/train/align_1616381449021.jpg,0,0.9997947812080383
datasets/dataset/train/align_1617070254211.jpg,0,0.9998650550842285
datasets/dataset/train/align_1617174517412.jpg,0,0.9991158843040466
datasets/dataset/train/align_1617643104730.jpg,1,0.9750326871871948
datasets/dataset/train/align_1618633255287.jpg,0,0.9998218417167664
datasets/dataset/train/align_1618648798133.jpg,1,0.9766362309455872
datasets/dataset/train/align_1619623944649.jpg,0,0.9996613264083862
datasets/dataset/train/align_1620460841379.jpg,1,0.9985904097557068
datasets/dataset/train/align_1620460846162.jpg,1,0.9998262524604797
datasets/dataset/train/align_1620460970397.jpg,0,0.9994625449180603
datasets/dataset/train/align_1621494249055.jpg,1,0.9966185092926025
datasets/dataset/train/align_1642559052188.jpg,0,0.9993847608566284
datasets/dataset/train/align_1642559055721.jpg,0,0.9972240924835205
datasets/dataset/train/align_1642992039159.jpg,0,0.9999299049377441
datasets/dataset/train/align_1644206326214.jpg,0,0.9998455047607422
datasets/dataset/train/align_1644206328927.jpg,0,0.9996532201766968
datasets/dataset/train/align_1644290580234.jpg,0,0.996317982673645
datasets/dataset/train/align_1644628334440.jpg,0,0.9948046803474426
datasets/dataset/train/align_1644804122156.jpg,0,0.999983549118042
datasets/dataset/train/align_1644805466890.jpg,0,0.9980308413505554
datasets/dataset/train/align_1644805470465.jpg,0,0.9930250644683838
datasets/dataset/train/align_1644807453594.jpg,0,0.9995880722999573
datasets/dataset/train/align_1644807455733.jpg,0,0.9993014335632324
datasets/dataset/train/align_1644892856849.jpg,0,0.9972980618476868
datasets/dataset/train/align_1644892860584.jpg,0,0.9996572732925415
datasets/dataset/train/align_1644914045995.jpg,1,0.999413251876831
datasets/dataset/train/align_1644975584103.jpg,1,0.9819704294204712
datasets/dataset/train/align_1644975587670.jpg,1,0.9931697845458984
datasets/dataset/train/align_1644976007865.jpg,0,0.9997544884681702
datasets/dataset/train/align_1645067295269.jpg,0,0.9949493408203125
datasets/dataset/train/align_1645067298199.jpg,0,0.9998503923416138
datasets/dataset/train/align_1645072605736.jpg,0,0.9998793601989746
datasets/dataset/train/align_1645405490952.jpg,0,0.9891051650047302
datasets/dataset/train/align_1645682769236.jpg,0,0.9987523555755615
datasets/dataset/train/align_1646014831099.jpg,1,0.9992467164993286
datasets/dataset/train/align_1646015966741.jpg,0,0.9946573376655579
datasets/dataset/train/align_1646102173104.jpg,1,0.9997227787971497
datasets/dataset/train/align_1646364532816.jpg,0,0.9846749305725098
datasets/dataset/train/align_1646963064492.jpg,1,0.9993810653686523
datasets/dataset/train/align_1646963139917.jpg,1,0.9999624490737915
datasets/dataset/train/align_1646964439259.jpg,0,0.9994165897369385
datasets/dataset/train/align_1646965635204.jpg,1,0.9919781684875488
datasets/dataset/train/align_1646965636900.jpg,1,0.9909684062004089
datasets/dataset/train/align_1647224877657.jpg,1,0.9988262057304382
datasets/dataset/train/align_1647232161937.jpg,0,0.845252275466919
datasets/dataset/train/align_1647232165472.jpg,0,0.6769046783447266
datasets/dataset/train/align_1647397515824.jpg,0,0.9998760223388672
datasets/dataset/train/align_1647397520071.jpg,0,0.9990110397338867
datasets/dataset/train/align_1647487771833.jpg,1,0.9983749389648438
datasets/dataset/train/align_1647492070195.jpg,0,0.9977224469184875
datasets/dataset/train/align_1647492072750.jpg,0,0.999261200428009
datasets/dataset/train/align_1647593368605.jpg,0,0.9999496936798096
datasets/dataset/train/align_1647849415527.jpg,1,0.9993590712547302
datasets/dataset/train/align_1647860951842.jpg,0,0.9994219541549683
datasets/dataset/train/align_1647860953969.jpg,0,0.9997571110725403
datasets/dataset/train/align_1647912121708.jpg,1,0.9973487854003906
datasets/dataset/train/align_1647917962080.jpg,0,0.9999126195907593
datasets/dataset/train/align_1648000986355.jpg,1,0.9916104674339294
datasets/dataset/train/align_1648001683120.jpg,1,0.9999896287918091
datasets/dataset/train/align_1648004208668.jpg,0,0.9998328685760498
datasets/dataset/train/align_1648434019450.jpg,1,0.9971987009048462
datasets/dataset/train/align_1648438622643.jpg,0,0.9993295669555664
datasets/dataset/train/align_1648526003657.jpg,1,0.9997549653053284
datasets/dataset/train/align_1648780190287.jpg,0,0.9997745156288147
datasets/dataset/train/align_1648783907672.jpg,0,0.9975329637527466
datasets/dataset/train/align_1649041280999.jpg,0,0.9990887641906738
datasets/dataset/train/align_1649041283086.jpg,0,0.997600257396698
datasets/dataset/train/align_1650503589045.jpg,0,0.9992157220840454
datasets/dataset/train/align_2 (33).jpg,1,0.9595446586608887
datasets/dataset/train/align_20160115_97324c768a36ee7fada6f07f66f62765_1452868021.jpg,0,0.9948331117630005
datasets/dataset/train/align_20160509_094013.jpg,1,0.9999023675918579
datasets/dataset/train/align_20160608_091931.jpg,1,0.9998961687088013
datasets/dataset/train/align_20160608_101336.jpg,0,0.9989954829216003
datasets/dataset/train/align_20160609_091019.jpg,1,0.9997075200080872
datasets/dataset/train/align_20160610_113453.jpg,0,0.9960059523582458
datasets/dataset/train/align_20160614_090723.jpg,0,0.9991299510002136
datasets/dataset/train/align_20160614_122659.jpg,0,0.9987640380859375
datasets/dataset/train/align_20160615_092644.jpg,0,0.9626931548118591
datasets/dataset/train/align_20160617_154217.jpg,0,0.9992097616195679
datasets/dataset/train/align_20160624_082542.jpg,0,0.9827426671981812
datasets/dataset/train/align_20160704_090715.jpg,0,0.9961987137794495
datasets/dataset/train/align_20160704_093450.jpg,0,0.9992315769195557
datasets/dataset/train/align_20160704_102644.jpg,0,0.9895864129066467
datasets/dataset/train/align_20160704_124400.jpg,0,0.9979275465011597
datasets/dataset/train/align_20160706_081120.jpg,0,0.9981817007064819
datasets/dataset/train/align_20160706_081158.jpg,0,0.9982746839523315
datasets/dataset/train/align_20160706_082340.jpg,0,0.9925036430358887
datasets/dataset/train/align_20160706_105337.jpg,0,0.9994495511054993
datasets/dataset/train/align_20160706_105342.jpg,0,0.9979719519615173
datasets/dataset/train/align_20160706_115311.jpg,1,0.9989435076713562
datasets/dataset/train/align_20160707_093129.jpg,0,0.9984355568885803
datasets/dataset/train/align_20160707_093133.jpg,0,0.9786253571510315
datasets/dataset/train/align_20160711_082305.jpg,0,0.9997337460517883
datasets/dataset/train/align_20160711_090031.jpg,0,0.9997339844703674
datasets/dataset/train/align_20160713_085924.jpg,0,0.9996294975280762
datasets/dataset/train/align_20160713_094550.jpg,1,0.9990737438201904
datasets/dataset/train/align_20160719_082712.jpg,0,0.9999642372131348
datasets/dataset/train/align_20160719_113343.jpg,1,0.9989443421363831
datasets/dataset/train/align_20160728_084303.jpg,1,0.9947376847267151
datasets/dataset/train/align_20160801_104218.jpg,1,0.9999055862426758
datasets/dataset/train/align_20160801_104224.jpg,1,0.9997442364692688
datasets/dataset/train/align_20160802_083216.jpg,0,0.9994051456451416
datasets/dataset/train/align_20160818_080645.jpg,1,0.9994487166404724
datasets/dataset/train/align_20160818_080650.jpg,1,0.9919679760932922
datasets/dataset/train/align_20160818_100733.jpg,0,0.9999680519104004
datasets/dataset/train/align_20160819_084640.jpg,0,0.998035728931427
datasets/dataset/train/align_20160822_101820.jpg,1,0.9749153256416321
datasets/dataset/train/align_20160825_081614.jpg,0,0.9974356293678284
datasets/dataset/train/align_20160825_081618.jpg,0,0.9977450966835022
datasets/dataset/train/align_20160825_122257.jpg,0,0.9872304797172546
datasets/dataset/train/align_20160825_122308.jpg,0,0.9372313618659973
datasets/dataset/train/align_20160826_100429.jpg,0,0.9998511075973511
datasets/dataset/train/align_20160826_100433.jpg,0,0.9946310520172119
datasets/dataset/train/align_20160829_082718.jpg,0,0.9999843835830688
datasets/dataset/train/align_20160901_091211.jpg,0,0.9973568916320801
datasets/dataset/train/align_20160905_100809.jpg,1,0.9992522597312927
datasets/dataset/train/align_20160907_083837.jpg,1,0.9998168349266052
datasets/dataset/train/align_20160907_102344.jpg,0,0.9999444484710693
datasets/dataset/train/align_20160912_083243.jpg,0,0.9967905879020691
datasets/dataset/train/align_20160912_093209.jpg,1,0.998869001865387
datasets/dataset/train/align_20160914_092742.jpg,0,0.9839355945587158
datasets/dataset/train/align_20160915_084420.jpg,1,0.9999839067459106
datasets/dataset/train/align_20160915_102156.jpg,0,0.9877612590789795
datasets/dataset/train/align_20160916_105114.jpg,0,0.9660701155662537
datasets/dataset/train/align_20160916_105118.jpg,0,0.9560955166816711
datasets/dataset/train/align_20160919_081559.jpg,1,0.9994968175888062
datasets/dataset/train/align_20160919_081605.jpg,1,0.9970724582672119
datasets/dataset/train/align_20160919_085616.jpg,1,0.9960371851921082
datasets/dataset/train/align_20160919_120946.jpg,0,0.9999136924743652
datasets/dataset/train/align_20160920_090723.jpg,0,0.9999129772186279
datasets/dataset/train/align_20160920_092348.jpg,0,0.9969671368598938
datasets/dataset/train/align_20160920_094447.jpg,1,0.9806832075119019
datasets/dataset/train/align_20160920_105816.jpg,0,0.9996335506439209
datasets/dataset/train/align_20160920_113803.jpg,0,0.9958012700080872
datasets/dataset/train/align_20160921_110302.jpg,1,0.9950689077377319
datasets/dataset/train/align_20160923_092026.jpg,0,0.9896871447563171
datasets/dataset/train/align_20160923_092033.jpg,0,0.9990888833999634
datasets/dataset/train/align_20160926_081614.jpg,1,0.999671220779419
datasets/dataset/train/align_20160926_093820.jpg,1,0.9948838353157043
datasets/dataset/train/align_20160927_102022.jpg,0,0.9977366924285889
datasets/dataset/train/align_20160929_101948.jpg,1,0.9998928308486938
datasets/dataset/train/align_20161003_084047.jpg,0,0.998933732509613
datasets/dataset/train/align_20161003_085435.jpg,0,0.9916390776634216
datasets/dataset/train/align_20161003_091443.jpg,1,0.9987442493438721
datasets/dataset/train/align_20161003_091450.jpg,1,0.9985483288764954
datasets/dataset/train/align_20161003_092636.jpg,0,0.9999037981033325
datasets/dataset/train/align_20161005_085107.jpg,0,0.9837055206298828
datasets/dataset/train/align_20161007_085513.jpg,1,0.8370136618614197
datasets/dataset/train/align_20161007_093726.jpg,1,0.999976396560669
datasets/dataset/train/align_20161010_092443.jpg,1,0.9983933568000793
datasets/dataset/train/align_20161011_091641.jpg,0,0.9977606534957886
datasets/dataset/train/align_20161012_083622.jpg,0,0.9990553259849548
datasets/dataset/train/align_20161012_083626.jpg,0,0.9998818635940552
datasets/dataset/train/align_20161014_090837.jpg,1,0.9956778883934021
datasets/dataset/train/align_20161017_091119.jpg,0,0.999226450920105
datasets/dataset/train/align_20161020_080937.jpg,1,0.9998193383216858
datasets/dataset/train/align_20161021_090732.jpg,0,0.9992392063140869
datasets/dataset/train/align_20161021_092101.jpg,0,0.998508632183075
datasets/dataset/train/align_20161021_110400.jpg,0,0.9991487264633179
datasets/dataset/train/align_20161024_082513.jpg,0,0.998054027557373
datasets/dataset/train/align_20161024_143220.jpg,1,0.9991598129272461
datasets/dataset/train/align_20161025_094658.jpg,1,0.9950161576271057
datasets/dataset/train/align_20161026_093739.jpg,1,0.9999535083770752
datasets/dataset/train/align_20161112_100128.jpg,0,0.9972869157791138
datasets/dataset/train/align_20161114_082812.jpg,1,0.9999065399169922
datasets/dataset/train/align_20161114_082818.jpg,1,0.9998223185539246
datasets/dataset/train/align_20161114_084016.jpg,0,0.9998579025268555
datasets/dataset/train/align_20161114_085222.jpg,1,0.9983955025672913
datasets/dataset/train/align_20161114_100449.jpg,0,0.9983119964599609
datasets/dataset/train/align_20161123_122705.jpg,1,0.9906414151191711
datasets/dataset/train/align_20161128_095222.jpg,0,0.9997358918190002
datasets/dataset/train/align_20161128_102901.jpg,1,0.9999558925628662
datasets/dataset/train/align_20161130_144818.jpg,1,0.9974341988563538
datasets/dataset/train/align_20161130_144824.jpg,1,0.9998887777328491
datasets/dataset/train/align_20161203_083858.jpg,0,0.997929573059082
datasets/dataset/train/align_20161205_095355.jpg,0,0.9947104454040527
datasets/dataset/train/align_20161205_095419.jpg,0,0.9979470372200012
datasets/dataset/train/align_20161205_112100.jpg,1,0.9946714043617249
datasets/dataset/train/align_20161205_112108.jpg,0,0.9688789248466492
datasets/dataset/train/align_20161206_084339.jpg,0,0.9992601275444031
datasets/dataset/train/align_20161206_092940.jpg,1,0.9986903071403503
datasets/dataset/train/align_20161206_094309.jpg,1,0.9862684607505798
datasets/dataset/train/align_20161207_081634.jpg,0,0.992148220539093
datasets/dataset/train/align_20161208_094508.jpg,0,0.9960330128669739
datasets/dataset/train/align_20161209_082345.jpg,1,0.9996601343154907
datasets/dataset/train/align_20161212_093124.jpg,0,0.9983943104743958
datasets/dataset/train/align_20161212_095325.jpg,1,0.9996981620788574
datasets/dataset/train/align_20161213_084116.jpg,0,0.9991570711135864
datasets/dataset/train/align_20161215_103132.jpg,1,0.9969015121459961
datasets/dataset/train/align_20161217_100353.jpg,0,0.999219536781311
datasets/dataset/train/align_20161219_085624.jpg,0,0.9998843669891357
datasets/dataset/train/align_20161220_091227.jpg,1,0.9998956918716431
datasets/dataset/train/align_20161220_095316.jpg,0,0.9994997978210449
datasets/dataset/train/align_20161221_114240.jpg,0,0.9999547004699707
datasets/dataset/train/align_20161222_200822.jpg,0,0.9991751313209534
datasets/dataset/train/align_20161223_092000.jpg,0,0.999832272529602
datasets/dataset/train/align_20161223_092009.jpg,0,0.999893307685852
datasets/dataset/train/align_20161227_092025.jpg,1,0.9992390871047974
datasets/dataset/train/align_20161227_094423.jpg,0,0.9999634027481079
datasets/dataset/train/align_20161227_101115.jpg,1,0.9949618577957153
datasets/dataset/train/align_20170103_094520.jpg,0,0.9991562366485596
datasets/dataset/train/align_20170104_200455.jpg,1,0.9995974898338318
datasets/dataset/train/align_20170104_201046.jpg,1,0.9528839588165283
datasets/dataset/train/align_20170105_092027.jpg,0,0.9996247291564941
datasets/dataset/train/align_20170112_155246.jpg,0,0.9966205358505249
datasets/dataset/train/align_20170113_095947.jpg,0,0.9997745156288147
datasets/dataset/train/align_20170114_095412.jpg,1,0.9982445240020752
datasets/dataset/train/align_20170114_095418.jpg,1,0.9732263684272766
datasets/dataset/train/align_20170117_095429.jpg,0,0.9998082518577576
datasets/dataset/train/align_20170121_105153.jpg,1,0.9993632435798645
datasets/dataset/train/align_20170123_084752.jpg,0,0.9986153841018677
datasets/dataset/train/align_20170123_090401.jpg,0,0.9991255402565002
datasets/dataset/train/align_20170123_100136.jpg,1,0.9988202452659607
datasets/dataset/train/align_20170202_130826.jpg,1,0.9917652010917664
datasets/dataset/train/align_20170203_083215.jpg,1,0.9972388744354248
datasets/dataset/train/align_20170203_101126.jpg,0,0.9998188614845276
datasets/dataset/train/align_20170203_110856.jpg,0,0.9989377856254578
datasets/dataset/train/align_20170206_074619.jpg,1,0.9996278285980225
datasets/dataset/train/align_20170206_075818.jpg,0,0.9997825026512146
datasets/dataset/train/align_20170206_080725.jpg,1,0.998582124710083
datasets/dataset/train/align_20170206_090047.jpg,0,0.9450069069862366
datasets/dataset/train/align_20170206_105956.jpg,0,0.999605119228363
datasets/dataset/train/align_20170206_120529.jpg,1,0.6511140465736389
datasets/dataset/train/align_20170208_103349.jpg,0,0.9980981945991516
datasets/dataset/train/align_20170208_112358.jpg,1,0.9999828338623047
datasets/dataset/train/align_20170208_152453.jpg,0,0.9976807832717896
datasets/dataset/train/align_20170209_080633.jpg,1,0.9998517036437988
datasets/dataset/train/align_20170209_082654.jpg,1,0.9994614720344543
datasets/dataset/train/align_20170209_090256.jpg,1,0.9996776580810547
datasets/dataset/train/align_20170209_100745.jpg,0,0.9997802376747131
datasets/dataset/train/align_20170209_104401.jpg,1,0.9994076490402222
datasets/dataset/train/align_20170209_104405.jpg,1,0.9691407680511475
datasets/dataset/train/align_20170213_081419.jpg,1,0.9971664547920227
datasets/dataset/train/align_20170213_081720.jpg,1,0.9998137354850769
datasets/dataset/train/align_20170213_090223.jpg,1,0.9997730851173401
datasets/dataset/train/align_20170213_094841.jpg,1,0.999845027923584
datasets/dataset/train/align_20170213_095751.jpg,1,0.9997759461402893
datasets/dataset/train/align_20170214_080656.jpg,1,0.9999765157699585
datasets/dataset/train/align_20170214_084333.jpg,0,0.9983627200126648
datasets/dataset/train/align_20170214_105948.jpg,1,0.9994569420814514
datasets/dataset/train/align_20170214_125553.jpg,0,0.9993565678596497
datasets/dataset/train/align_20170214_125559.jpg,0,0.995654821395874
datasets/dataset/train/align_20170215_104523.jpg,0,0.9998134970664978
datasets/dataset/train/align_20170215_111841.jpg,1,0.9999209642410278
datasets/dataset/train/align_20170303_092837.jpg,0,0.9999405145645142
datasets/dataset/train/align_20170306_074647.jpg,0,0.9975948929786682
datasets/dataset/train/align_20170307_103809.jpg,1,0.9996011853218079
datasets/dataset/train/align_20170307_151053.jpg,1,0.9965341091156006
datasets/dataset/train/align_20170308_082027.jpg,0,0.9999532699584961
datasets/dataset/train/align_20170308_083425.jpg,0,0.9819692969322205
datasets/dataset/train/align_20170308_091733.jpg,0,0.9999146461486816
datasets/dataset/train/align_20170308_092622.jpg,0,0.9997263550758362
datasets/dataset/train/align_20170320_073403.jpg,0,0.999629020690918
datasets/dataset/train/align_20170320_082040.jpg,1,0.9993316531181335
datasets/dataset/train/align_20170320_082506.jpg,0,0.9993031024932861
datasets/dataset/train/align_20170320_082513.jpg,0,0.9998323917388916
datasets/dataset/train/align_20170320_091940.jpg,0,0.9992995262145996
datasets/dataset/train/align_20170321_172927.jpg,1,0.9997922778129578
datasets/dataset/train/align_20170324_161035.jpg,1,0.9992641806602478
datasets/dataset/train/align_20170328_080330.jpg,1,0.9996755123138428
datasets/dataset/train/align_20170328_080335.jpg,1,0.9999923706054688
datasets/dataset/train/align_20170328_083913.jpg,1,0.9997461438179016
datasets/dataset/train/align_20170328_083923.jpg,1,0.9958245754241943
datasets/dataset/train/align_20170329_090433.jpg,0,0.9988283514976501
datasets/dataset/train/align_20170329_164645.jpg,1,0.9994741082191467
datasets/dataset/train/align_20170330_160517.jpg,1,0.9997113347053528
datasets/dataset/train/align_20170403_120843.jpg,0,0.9563780426979065
datasets/dataset/train/align_20170404_080508.jpg,0,0.986332356929779
datasets/dataset/train/align_20170404_113805.jpg,0,0.9937136769294739
datasets/dataset/train/align_20170407_081306.jpg,0,0.999864935874939
datasets/dataset/train/align_20170407_081313.jpg,0,0.9983503818511963
datasets/dataset/train/align_20170411_130329.jpg,0,0.9999947547912598
datasets/dataset/train/align_20170414_080243.jpg,1,0.9974464178085327
datasets/dataset/train/align_20170416_122603.jpg,0,0.9993250370025635
datasets/dataset/train/align_20170417_084714.jpg,1,0.9999303817749023
datasets/dataset/train/align_20170418_060902.jpg,1,0.9593536853790283
datasets/dataset/train/align_20170418_060907.jpg,1,0.9998273253440857
datasets/dataset/train/align_20170420_092423.jpg,1,0.9989651441574097
datasets/dataset/train/align_20170421_083527.jpg,0,0.9998469352722168
datasets/dataset/train/align_20170424_084816.jpg,1,0.999025821685791
datasets/dataset/train/align_20170425_075130.jpg,0,0.9997825026512146
datasets/dataset/train/align_20170426_092757.jpg,0,0.9998120665550232
datasets/dataset/train/align_20170503_082236.jpg,0,0.9933561086654663
datasets/dataset/train/align_20170503_110327.jpg,1,0.9997480511665344
datasets/dataset/train/align_20170503_110630.jpg,1,0.9993085861206055
datasets/dataset/train/align_20170506_094207.jpg,1,0.9974040389060974
datasets/dataset/train/align_20170508_105402.jpg,0,0.9884160757064819
datasets/dataset/train/align_20170511_111022.jpg,1,0.9997135996818542
datasets/dataset/train/align_20170511_112403.jpg,1,0.99873286485672
datasets/dataset/train/align_20170513_104530.jpg,0,0.9969467520713806
datasets/dataset/train/align_20170516_110640.jpg,1,0.9054011702537537
datasets/dataset/train/align_20170523_110613.jpg,1,0.9995794892311096
datasets/dataset/train/align_20170524_100103.jpg,0,0.9963770508766174
datasets/dataset/train/align_20170526_083405.jpg,1,0.9990648627281189
datasets/dataset/train/align_20170526_142618.jpg,0,0.9080919027328491
datasets/dataset/train/align_20170526_142622.jpg,0,0.9658620953559875
datasets/dataset/train/align_20170601_091406.jpg,0,0.9998871088027954
datasets/dataset/train/align_20170601_121804.jpg,0,0.9994801878929138
datasets/dataset/train/align_20170605_100824.jpg,1,0.9742868542671204
datasets/dataset/train/align_20170605_101115.jpg,1,0.9992510676383972
datasets/dataset/train/align_20170612_092426.jpg,0,0.9994014501571655
datasets/dataset/train/align_20170613_082720.jpg,1,0.9940468072891235
datasets/dataset/train/align_20170613_201932.jpg,1,0.9978658556938171
datasets/dataset/train/align_20170614_082940.jpg,1,0.9979839324951172
datasets/dataset/train/align_20170614_144916.jpg,1,0.998995840549469
datasets/dataset/train/align_20170615_102634.jpg,1,0.7907541394233704
datasets/dataset/train/align_20170616_093444.jpg,0,0.9985311031341553
datasets/dataset/train/align_20170619_085720.jpg,1,0.9964042901992798
datasets/dataset/train/align_20170619_085724.jpg,1,0.9994449019432068
datasets/dataset/train/align_20170619_101356.jpg,0,0.9979661703109741
datasets/dataset/train/align_20170620_074223.jpg,1,0.9999182224273682
datasets/dataset/train/align_20170620_080452.jpg,0,0.9991750121116638
datasets/dataset/train/align_20170620_092201.jpg,0,0.9994468092918396
datasets/dataset/train/align_20170621_080031.jpg,1,0.9981397390365601
datasets/dataset/train/align_20170621_102320.jpg,1,0.9992578625679016
datasets/dataset/train/align_20170621_102331.jpg,1,0.9989414811134338
datasets/dataset/train/align_20170621_111313.jpg,0,0.9993190765380859
datasets/dataset/train/align_20170622_101345.jpg,1,0.9972483515739441
datasets/dataset/train/align_20170622_110210.jpg,1,0.9991388320922852
datasets/dataset/train/align_20170626_081000.jpg,0,0.9965301156044006
datasets/dataset/train/align_20170626_081020.jpg,1,0.9987805485725403
datasets/dataset/train/align_20170626_084435.jpg,1,0.9993420243263245
datasets/dataset/train/align_20170626_095916.jpg,1,0.9989953637123108
datasets/dataset/train/align_20170627_082114.jpg,1,0.9998123049736023
datasets/dataset/train/align_20170627_084911.jpg,1,0.9999197721481323
datasets/dataset/train/align_20170627_091100.jpg,1,0.9884872436523438
datasets/dataset/train/align_20170627_091220.jpg,0,0.999872088432312
datasets/dataset/train/align_20170627_092333.jpg,0,0.9924938678741455
datasets/dataset/train/align_20170627_092339.jpg,0,0.9933909177780151
datasets/dataset/train/align_20170627_094130.jpg,0,0.9960630536079407
datasets/dataset/train/align_20170627_094615.jpg,0,0.9994199275970459
datasets/dataset/train/align_20170628_090209.jpg,0,0.9996322393417358
datasets/dataset/train/align_20170628_215158.jpg,1,0.9916016459465027
datasets/dataset/train/align_20170703_133558.jpg,1,0.9956232905387878
datasets/dataset/train/align_20170704_151859.jpg,1,0.9986704587936401
datasets/dataset/train/align_20170710_082132.jpg,1,0.9993212223052979
datasets/dataset/train/align_20170710_082133.jpg,1,0.9983874559402466
datasets/dataset/train/align_20170710_085359.jpg,1,0.9991415739059448
datasets/dataset/train/align_20170711_102030.jpg,1,0.9981879591941833
datasets/dataset/train/align_20170713_093118.jpg,1,0.9990942478179932
datasets/dataset/train/align_20170713_142658.jpg,1,0.995384156703949
datasets/dataset/train/align_20170717_105344.jpg,1,0.9995193481445312
datasets/dataset/train/align_20170717_105354.jpg,1,0.999935507774353
datasets/dataset/train/align_20170717_105624.jpg,1,0.9990050196647644
datasets/dataset/train/align_20170718_160703(0).jpg,0,0.9992819428443909
datasets/dataset/train/align_20170718_160703.jpg,0,0.9988252520561218
datasets/dataset/train/align_20170724_080537.jpg,1,0.9989169836044312
datasets/dataset/train/align_20170724_144504.jpg,1,0.9944861531257629
datasets/dataset/train/align_20170724_151316.jpg,1,0.9993922710418701
datasets/dataset/train/align_20170727_220249.jpg,1,0.9994450211524963
datasets/dataset/train/align_20170727_220258.jpg,1,0.9999709129333496
datasets/dataset/train/align_20170731_080434.jpg,1,0.985065758228302
datasets/dataset/train/align_20170802_112359.jpg,1,0.9889389276504517
datasets/dataset/train/align_20170804_110115.jpg,0,0.9976925849914551
datasets/dataset/train/align_20170805_112042.jpg,1,0.9990361928939819
datasets/dataset/train/align_20170805_112046.jpg,1,0.9996305704116821
datasets/dataset/train/align_20170807_075827.jpg,0,0.9838761687278748
datasets/dataset/train/align_20170807_075834.jpg,0,0.9994909763336182
datasets/dataset/train/align_20170810_142203.jpg,1,0.992856502532959
datasets/dataset/train/align_20170811_152440.jpg,0,0.9926002025604248
datasets/dataset/train/align_20170811_152449.jpg,0,0.999363362789154
datasets/dataset/train/align_20170816_082132.jpg,0,0.9864452481269836
datasets/dataset/train/align_20170817_141705.jpg,1,0.9996151924133301
datasets/dataset/train/align_20170818_102321.jpg,0,0.9988623857498169
datasets/dataset/train/align_20170819_064835.jpg,0,0.9975767731666565
datasets/dataset/train/align_20170819_064838.jpg,0,0.9752301573753357
datasets/dataset/train/align_20170830_093556.jpg,1,0.9974901676177979
datasets/dataset/train/align_20170908_095751.jpg,1,0.9986263513565063
datasets/dataset/train/align_20170912_101244.jpg,1,0.9996544122695923
datasets/dataset/train/align_20170913_092900.jpg,1,0.9988002777099609
datasets/dataset/train/align_20170914_161844.jpg,1,0.9991925358772278
datasets/dataset/train/align_20170916_123116.jpg,1,0.9843294620513916
datasets/dataset/train/align_20170922_084919.jpg,1,0.9817313551902771
datasets/dataset/train/align_20170925_104934.jpg,1,0.9998539686203003
datasets/dataset/train/align_20170928_084145.jpg,0,0.9993141889572144
datasets/dataset/train/align_20171005_111855.jpg,1,0.9143424034118652
datasets/dataset/train/align_20171006_105648.jpg,0,0.9999402761459351
datasets/dataset/train/align_20171009_162149.jpg,1,0.9986741542816162
datasets/dataset/train/align_20171013_085405.jpg,1,0.9996417760848999
datasets/dataset/train/align_20171013_223323.jpg,1,0.999624490737915
datasets/dataset/train/align_20171013_223331.jpg,1,0.9992609620094299
datasets/dataset/train/align_20180115_085113.jpg,0,0.9999500513076782
datasets/dataset/train/align_20180115_094728.jpg,1,0.998489499092102
datasets/dataset/train/align_20180115_102349.jpg,0,0.9991913437843323
datasets/dataset/train/align_20180115_103800.jpg,1,0.9997827410697937
datasets/dataset/train/align_20180115_104756.jpg,1,0.9999632835388184
datasets/dataset/train/align_20180115_112556.jpg,1,0.9991533756256104
datasets/dataset/train/align_20180115_112952.jpg,1,0.9992606043815613
datasets/dataset/train/align_20180115_115423.jpg,1,0.9998421669006348
datasets/dataset/train/align_20180116_080946.jpg,1,0.99957674741745
datasets/dataset/train/align_20180116_104429.jpg,1,0.9993523955345154
datasets/dataset/train/align_20180117_084756.jpg,0,0.9964207410812378
datasets/dataset/train/align_20180117_084759.jpg,0,0.9893450140953064
datasets/dataset/train/align_20180117_090044.jpg,1,0.999480664730072
datasets/dataset/train/align_20180117_094440.jpg,1,0.9996858835220337
datasets/dataset/train/align_20180118_081915.jpg,0,0.9981691837310791
datasets/dataset/train/align_20180118_090334.jpg,1,0.9987911581993103
datasets/dataset/train/align_20180118_093205.jpg,1,0.9997929930686951
datasets/dataset/train/align_20180118_100104.jpg,1,0.9993809461593628
datasets/dataset/train/align_20180119_083401.jpg,0,0.9996097683906555
datasets/dataset/train/align_20180119_085725.jpg,1,0.9999037981033325
datasets/dataset/train/align_20180119_090422.jpg,0,0.9990711212158203
datasets/dataset/train/align_20180119_094539.jpg,0,0.9998843669891357
datasets/dataset/train/align_20180119_095417.jpg,0,0.9995666146278381
datasets/dataset/train/align_20180119_095420.jpg,0,0.9984299540519714
datasets/dataset/train/align_20180119_110812.jpg,1,0.9996734857559204
datasets/dataset/train/align_20180120_084305.jpg,0,0.9998290538787842
datasets/dataset/train/align_20180120_084307.jpg,0,0.9997501969337463
datasets/dataset/train/align_20180122_082609.jpg,1,0.9943252205848694
datasets/dataset/train/align_20180122_090023.jpg,1,0.997722327709198
datasets/dataset/train/align_20180122_093726.jpg,0,0.9998732805252075
datasets/dataset/train/align_20180122_093730.jpg,0,0.9944512248039246
datasets/dataset/train/align_20180122_101509.jpg,1,0.9999462366104126
datasets/dataset/train/align_20180122_161630.jpg,1,0.9984971284866333
datasets/dataset/train/align_20180123_111815.jpg,1,0.9924978613853455
datasets/dataset/train/align_20180123_112655.jpg,1,0.9996755123138428
datasets/dataset/train/align_20180123_115906.jpg,1,0.9997314810752869
datasets/dataset/train/align_20180123_115907.jpg,1,0.9997811913490295
datasets/dataset/train/align_20180124_091937.jpg,0,0.999536395072937
datasets/dataset/train/align_20180124_092543.jpg,0,0.9977705478668213
datasets/dataset/train/align_20180125_082536.jpg,0,0.9731148481369019
datasets/dataset/train/align_20180125_082539.jpg,0,0.9234098792076111
datasets/dataset/train/align_20180125_083844.jpg,1,0.9997561573982239
datasets/dataset/train/align_20180125_085752.jpg,0,0.9952073693275452
datasets/dataset/train/align_20180125_085807.jpg,0,0.9973222613334656
datasets/dataset/train/align_20180125_092453.jpg,0,0.994464099407196
datasets/dataset/train/align_20180125_093627.jpg,1,0.9990108013153076
datasets/dataset/train/align_20180125_095101.jpg,1,0.9965453743934631
datasets/dataset/train/align_20180129_074409.jpg,0,0.99982750415802
datasets/dataset/train/align_20180129_082938.jpg,1,0.9999141693115234
datasets/dataset/train/align_20180129_084343.jpg,1,0.9984920024871826
datasets/dataset/train/align_20180129_101438.jpg,1,0.9996898174285889
datasets/dataset/train/align_20180130_075933.jpg,0,0.999618411064148
datasets/dataset/train/align_20180130_080803.jpg,1,0.9840397238731384
datasets/dataset/train/align_20180130_081352.jpg,1,0.9990993738174438
datasets/dataset/train/align_20180130_083122.jpg,1,0.999543309211731
datasets/dataset/train/align_20180130_083126.jpg,1,0.9870699644088745
datasets/dataset/train/align_20180130_093221.jpg,0,0.9999175071716309
datasets/dataset/train/align_20180130_094852.jpg,0,0.9998608827590942
datasets/dataset/train/align_20180130_100211.jpg,0,0.9999641180038452
datasets/dataset/train/align_20180130_100746.jpg,1,0.9994975328445435
datasets/dataset/train/align_20180131_082624.jpg,1,0.9997292160987854
datasets/dataset/train/align_20180131_082714.jpg,1,0.9994899034500122
datasets/dataset/train/align_20180131_094652.jpg,1,0.9986065030097961
datasets/dataset/train/align_20180131_095820.jpg,0,0.9999029636383057
datasets/dataset/train/align_20180131_100720.jpg,0,0.9912386536598206
datasets/dataset/train/align_20180131_100722.jpg,0,0.9781041741371155
datasets/dataset/train/align_20180809_085454.jpg,0,0.9993213415145874
datasets/dataset/train/align_20180809_090640.jpg,1,0.9994356036186218
datasets/dataset/train/align_20180813_081501.jpg,0,0.9997972846031189
datasets/dataset/train/align_20180813_081530.jpg,0,0.9995823502540588
datasets/dataset/train/align_20180813_081848.jpg,1,0.9998360872268677
datasets/dataset/train/align_20180813_084625.jpg,1,0.9997881054878235
datasets/dataset/train/align_20180813_085721.jpg,0,0.9670673608779907
datasets/dataset/train/align_20180813_091722.jpg,0,0.9994409680366516
datasets/dataset/train/align_20180813_092438.jpg,0,0.999816358089447
datasets/dataset/train/align_20180813_102010.jpg,1,0.9997438788414001
datasets/dataset/train/align_20180813_104443.jpg,0,0.9999814033508301
datasets/dataset/train/align_20180813_110342.jpg,1,0.9989129304885864
datasets/dataset/train/align_20180813_111515.jpg,0,0.9957175850868225
datasets/dataset/train/align_20180814_082435.jpg,0,0.9998098015785217
datasets/dataset/train/align_20180814_095100.jpg,1,0.9981237053871155
datasets/dataset/train/align_20180814_101747.jpg,1,0.9988008737564087
datasets/dataset/train/align_20180815_094000.jpg,0,0.9987927675247192
datasets/dataset/train/align_20180816_152939.jpg,0,0.9998793601989746
datasets/dataset/train/align_20180817_093256.jpg,0,0.9964922070503235
datasets/dataset/train/align_20180820_081641.jpg,1,0.9997337460517883
datasets/dataset/train/align_20180820_081741.jpg,1,0.9997838139533997
datasets/dataset/train/align_20180820_090306.jpg,1,0.9998506307601929
datasets/dataset/train/align_20180820_091706.jpg,0,0.9999650716781616
datasets/dataset/train/align_20180820_094406.jpg,0,0.9979300498962402
datasets/dataset/train/align_20180820_100733.jpg,0,0.9996609687805176
datasets/dataset/train/align_20180820_101805.jpg,0,0.9987457990646362
datasets/dataset/train/align_20180821_090741.jpg,0,0.9996060729026794
datasets/dataset/train/align_20180821_093805.jpg,0,0.9996944665908813
datasets/dataset/train/align_20180821_093808.jpg,0,0.9962815642356873
datasets/dataset/train/align_20180821_094931.jpg,1,0.9997301697731018
datasets/dataset/train/align_20180822_082150.jpg,1,0.9998970031738281
datasets/dataset/train/align_20180822_084153.jpg,0,0.9995715022087097
datasets/dataset/train/align_20180822_090035.jpg,0,0.993433952331543
datasets/dataset/train/align_20180822_095333.jpg,0,0.9996665716171265
datasets/dataset/train/align_20180827_080202.jpg,0,0.9949671626091003
datasets/dataset/train/align_20180827_083221.jpg,1,0.9999819993972778
datasets/dataset/train/align_20180827_084833.jpg,1,0.9997549653053284
datasets/dataset/train/align_20180827_090943.jpg,1,0.9994632601737976
datasets/dataset/train/align_20180827_093122.jpg,1,0.9993471503257751
datasets/dataset/train/align_20180827_101620.jpg,0,0.9994431138038635
datasets/dataset/train/align_20180827_104814.jpg,0,0.9996041655540466
datasets/dataset/train/align_20180828_085506.jpg,0,0.9884845614433289
datasets/dataset/train/align_20180828_085510.jpg,0,0.9932195544242859
datasets/dataset/train/align_20180828_095820.jpg,1,0.9998205304145813
datasets/dataset/train/align_20180829_082501.jpg,0,0.9999760389328003
datasets/dataset/train/align_20180829_083944.jpg,0,0.99832683801651
datasets/dataset/train/align_20180829_090407.jpg,0,0.9985361099243164
datasets/dataset/train/align_20180830_081939.jpg,1,0.9983246922492981
datasets/dataset/train/align_20180830_083639.jpg,0,0.9992423057556152
datasets/dataset/train/align_20180904_080239.jpg,0,0.9885439276695251
datasets/dataset/train/align_20180904_080411.jpg,0,0.9999643564224243
datasets/dataset/train/align_20180904_081051.jpg,1,0.9992142915725708
datasets/dataset/train/align_20180904_082239.jpg,1,0.9998408555984497
datasets/dataset/train/align_20180904_083605.jpg,0,0.9999374151229858
datasets/dataset/train/align_20180904_085006.jpg,0,0.99978107213974
datasets/dataset/train/align_20180904_085008.jpg,0,0.9990160465240479
datasets/dataset/train/align_20180904_093057.jpg,0,0.9998327493667603
datasets/dataset/train/align_20180904_094453.jpg,0,0.9996451139450073
datasets/dataset/train/align_20180904_100702.jpg,1,0.9989676475524902
datasets/dataset/train/align_20180905_082210.jpg,0,0.9998207688331604
datasets/dataset/train/align_20180905_082219.jpg,0,0.9988603591918945
datasets/dataset/train/align_20180905_085200.jpg,1,0.9997228980064392
datasets/dataset/train/align_20180905_085503.jpg,0,0.9999793767929077
datasets/dataset/train/align_20180905_092529.jpg,0,0.9972526431083679
datasets/dataset/train/align_20180906_091609.jpg,1,0.9998449087142944
datasets/dataset/train/align_20180907_101631.jpg,1,0.9990987777709961
datasets/dataset/train/align_20180907_105623.jpg,0,0.999405026435852
datasets/dataset/train/align_20180907_105627.jpg,0,0.9992592930793762
datasets/dataset/train/align_20180910_101530.jpg,1,0.9959839582443237
datasets/dataset/train/align_20180910_105830.jpg,1,0.9999464750289917
datasets/dataset/train/align_20180911_074642.jpg,1,0.9945607781410217
datasets/dataset/train/align_20180911_160852.jpg,0,0.994884192943573
datasets/dataset/train/align_20180911_173602.jpg,0,0.9999562501907349
datasets/dataset/train/align_20180912_094913.jpg,1,0.9993330836296082
datasets/dataset/train/align_20180912_110618.jpg,1,0.9979350566864014
datasets/dataset/train/align_20180913_100139.jpg,1,0.9991231560707092
datasets/dataset/train/align_20180913_101808.jpg,1,0.9981421232223511
datasets/dataset/train/align_20180913_144009.jpg,0,0.9997075200080872
datasets/dataset/train/align_20180916_173023.jpg,0,0.9992963075637817
datasets/dataset/train/align_20180917_092340.jpg,1,0.9995049238204956
datasets/dataset/train/align_20180917_094856.jpg,0,0.9998801946640015
datasets/dataset/train/align_20180917_102217.jpg,0,0.9720109701156616
datasets/dataset/train/align_20180917_102454.jpg,1,0.9998911619186401
datasets/dataset/train/align_20180917_103837.jpg,1,0.99858558177948
datasets/dataset/train/align_20180917_111128.jpg,1,0.9975584745407104
datasets/dataset/train/align_20180918_081251.jpg,0,0.999098539352417
datasets/dataset/train/align_20180918_082042.jpg,0,0.9999121427536011
datasets/dataset/train/align_20180918_095934.jpg,0,0.9997197985649109
datasets/dataset/train/align_20180918_101152.jpg,1,0.9877249598503113
datasets/dataset/train/align_20180918_104208.jpg,1,0.9997993111610413
datasets/dataset/train/align_20180919_081558.jpg,0,0.9738258719444275
datasets/dataset/train/align_20180919_084345.jpg,0,0.97589510679245
datasets/dataset/train/align_20180919_084828.jpg,1,0.9997465014457703
datasets/dataset/train/align_20180919_085652.jpg,1,0.9997912049293518
datasets/dataset/train/align_20180919_091855.jpg,1,0.9984979629516602
datasets/dataset/train/align_20180919_114352.jpg,1,0.9747542142868042
datasets/dataset/train/align_20180920_085315.jpg,0,0.9997460246086121
datasets/dataset/train/align_20180921_102401.jpg,1,0.9996402263641357
datasets/dataset/train/align_20180924_083119.jpg,0,0.9999055862426758
datasets/dataset/train/align_20180924_084244.jpg,1,0.9994383454322815
datasets/dataset/train/align_20180924_091334.jpg,1,0.9951233267784119
datasets/dataset/train/align_20180924_095524.jpg,1,0.9998226761817932
datasets/dataset/train/align_20180924_100333.jpg,0,0.9999707937240601
datasets/dataset/train/align_20180924_151708.jpg,1,0.999565064907074
datasets/dataset/train/align_20180925_090915.jpg,1,0.9643756151199341
datasets/dataset/train/align_20180925_091419.jpg,0,0.9980250597000122
datasets/dataset/train/align_20180925_102029.jpg,0,0.9989956021308899
datasets/dataset/train/align_20180925_114827.jpg,1,0.9715331792831421
datasets/dataset/train/align_20180927_085606.jpg,0,0.9999964237213135
datasets/dataset/train/align_20180928_090010.jpg,0,0.9741262197494507
datasets/dataset/train/align_20181003_093152.jpg,1,0.9997017979621887
datasets/dataset/train/align_20181003_101602.jpg,1,0.9994661211967468
datasets/dataset/train/align_20181004_084820.jpg,0,0.999985933303833
datasets/dataset/train/align_20181004_085831.jpg,1,0.9934325218200684
datasets/dataset/train/align_20181004_090826.jpg,0,0.9981179237365723
datasets/dataset/train/align_20181004_092223.jpg,0,0.999544084072113
datasets/dataset/train/align_20181004_092741.jpg,1,0.999778687953949
datasets/dataset/train/align_20181004_095647.jpg,1,0.9986604452133179
datasets/dataset/train/align_20181004_110028.jpg,1,0.9682667255401611
datasets/dataset/train/align_20181008_082046.jpg,0,0.9999091625213623
datasets/dataset/train/align_20181008_091153.jpg,0,0.9998760223388672
datasets/dataset/train/align_20181008_143740.jpg,1,0.9994396567344666
datasets/dataset/train/align_20181009_081908.jpg,0,0.9997701048851013
datasets/dataset/train/align_20181009_082712.jpg,0,0.9998340606689453
datasets/dataset/train/align_20181009_084646.jpg,0,0.998782217502594
datasets/dataset/train/align_20181009_091147.jpg,0,0.999895453453064
datasets/dataset/train/align_20181009_102857.jpg,0,0.9997692704200745
datasets/dataset/train/align_20181012_082120.jpg,0,0.9999063014984131
datasets/dataset/train/align_20181012_082124.jpg,0,0.9956899285316467
datasets/dataset/train/align_20181015_085832.jpg,1,0.9999375343322754
datasets/dataset/train/align_20181015_092540.jpg,0,0.9988107681274414
datasets/dataset/train/align_20181015_093640.jpg,1,0.9990819692611694
datasets/dataset/train/align_20181015_100556.jpg,0,0.9983323216438293
datasets/dataset/train/align_20181015_101552.jpg,1,0.9987372756004333
datasets/dataset/train/align_20181016_095919.jpg,0,0.9999696016311646
datasets/dataset/train/align_20181016_100558.jpg,0,0.9977013468742371
datasets/dataset/train/align_20181017_084458.jpg,0,0.9990279674530029
datasets/dataset/train/align_20181017_091429.jpg,0,0.9997135996818542
datasets/dataset/train/align_20181017_093609.jpg,1,0.9993534684181213
datasets/dataset/train/align_20181017_110301.jpg,0,0.9999860525131226
datasets/dataset/train/align_20181017_110304.jpg,0,0.9998251795768738
datasets/dataset/train/align_20181017_111154.jpg,1,0.9997140765190125
datasets/dataset/train/align_20181018_085649.jpg,1,0.9944356679916382
datasets/dataset/train/align_20181019_095957.jpg,0,0.9977205395698547
datasets/dataset/train/align_20181022_082520.jpg,0,0.9959027171134949
datasets/dataset/train/align_20181022_083759.jpg,0,0.9994252920150757
datasets/dataset/train/align_20181022_090748.jpg,0,0.9987288117408752
datasets/dataset/train/align_20181022_091658.jpg,0,0.9996172189712524
datasets/dataset/train/align_20181022_110316.jpg,0,0.9995399713516235
datasets/dataset/train/align_20181022_112105.jpg,1,0.9981392621994019
datasets/dataset/train/align_20181023_083155.jpg,1,0.9948941469192505
datasets/dataset/train/align_20181023_083426.jpg,0,0.9999271631240845
datasets/dataset/train/align_20181023_090513.jpg,0,0.9999945163726807
datasets/dataset/train/align_20181023_091727.jpg,1,0.999744713306427
datasets/dataset/train/align_20181023_100026.jpg,0,0.9997557997703552
datasets/dataset/train/align_20181023_104137.jpg,1,0.9966042041778564
datasets/dataset/train/align_20181023_104811.jpg,1,0.999751627445221
datasets/dataset/train/align_20181023_105753.jpg,0,0.9882814288139343
datasets/dataset/train/align_20181025_085636.jpg,1,0.9993488192558289
datasets/dataset/train/align_20181025_093323.jpg,1,0.9993981122970581
datasets/dataset/train/align_20211118_111116.jpg,0,0.9998617172241211
datasets/dataset/train/align_20211119_150911.jpg,0,0.986546516418457
datasets/dataset/train/align_20211121_073730.jpg,1,0.9988176226615906
datasets/dataset/train/align_20211122_094310.jpg,0,0.9978858828544617
datasets/dataset/train/align_20211122_095542.jpg,0,0.9996527433395386
datasets/dataset/train/align_20211123_091052.jpg,1,0.9999269247055054
datasets/dataset/train/align_20211125_085119.jpg,0,0.9998787641525269
datasets/dataset/train/align_20211125_090635.jpg,0,0.9996215105056763
datasets/dataset/train/align_20211125_090638.jpg,0,0.9985070824623108
datasets/dataset/train/align_20211126_155522.jpg,0,0.9995508790016174
datasets/dataset/train/align_20211129_092027.jpg,1,0.99958735704422
datasets/dataset/train/align_20211129_171037.jpg,0,0.999778687953949
datasets/dataset/train/align_20211129_171041.jpg,0,0.9998168349266052
datasets/dataset/train/align_20211130_095842.jpg,1,0.9997977614402771
datasets/dataset/train/align_20211130_103746.jpg,1,0.9995275735855103
datasets/dataset/train/align_20211206_092441.jpg,0,0.9999709129333496
datasets/dataset/train/align_20211206_092444.jpg,0,0.9995624423027039
datasets/dataset/train/align_20211214_091229.jpg,0,0.9995943903923035
datasets/dataset/train/align_20211215_090815.jpg,0,0.9998824596405029
datasets/dataset/train/align_20211215_090817.jpg,0,0.9987381100654602
datasets/dataset/train/align_20211215_160119.jpg,0,0.9780565500259399
datasets/dataset/train/align_20211217_093503.jpg,0,0.9997206330299377
datasets/dataset/train/align_20211217_095710.jpg,0,0.9998996257781982
datasets/dataset/train/align_20211217_095713.jpg,0,0.99916672706604
datasets/dataset/train/align_20211220_121336.jpg,0,0.9906981587409973
datasets/dataset/train/align_20211222_102535.jpg,1,0.9997578263282776
datasets/dataset/train/align_20211227_091530.jpg,0,0.9990612864494324
datasets/dataset/train/align_20211227_093933.jpg,0,0.9969567060470581
datasets/dataset/train/align_20211227_093936.jpg,0,0.9998173117637634
datasets/dataset/train/align_20211228_092758.jpg,1,0.9939849972724915
datasets/dataset/train/align_20211228_102643.jpg,1,0.9999275207519531
datasets/dataset/train/align_20211229_095916.jpg,1,0.9994599223136902
datasets/dataset/train/align_20211231_115220.jpg,1,0.9993082284927368
datasets/dataset/train/align_20220104_090019.jpg,1,0.9868915677070618
datasets/dataset/train/align_20220104_093924.jpg,1,0.9954149723052979
datasets/dataset/train/align_20220105_140815.jpg,1,0.9502381086349487
datasets/dataset/train/align_20220110_080444.jpg,1,0.998185932636261
datasets/dataset/train/align_20220110_080447.jpg,1,0.8888826966285706
datasets/dataset/train/align_20220110_081820.jpg,0,0.9960518479347229
datasets/dataset/train/align_20220111_090443.jpg,0,0.9996566772460938
datasets/dataset/train/align_20220111_091942.jpg,0,0.9998705387115479
datasets/dataset/train/align_20220111_093952.jpg,1,0.9035057425498962
datasets/dataset/train/align_20220111_103209.jpg,0,0.9989100694656372
datasets/dataset/train/align_20220111_103212.jpg,0,0.9997745156288147
datasets/dataset/train/align_20220111_155947.jpg,0,0.9998661279678345
datasets/dataset/train/align_20220113_090936.jpg,0,0.9999533891677856
datasets/dataset/train/align_20220113_112907.jpg,0,0.9999961853027344
datasets/dataset/train/align_20220114_092425.jpg,0,0.9990890026092529
datasets/dataset/train/align_22014887-1553068048083294-1618824470-n.jpg,0,0.999761164188385
datasets/dataset/train/align_28.jpg,0,0.9997171759605408
datasets/dataset/train/align_3 (2).jpg,1,0.9999339580535889
datasets/dataset/train/align_380731095_1362904334579037_4171605097972377577_n.jpg,0,0.9999258518218994
datasets/dataset/train/align_380735993_1362904197912384_2866460451603672079_n.jpg,0,0.9966558218002319
datasets/dataset/train/align_380740964_1362904264579044_2708621627600506733_n.jpg,0,0.9988399147987366
datasets/dataset/train/align_380752161_1362904164579054_3634146285472377028_n.jpg,0,0.9909605383872986
datasets/dataset/train/align_382087075_1362904221245715_5435867857203055940_n.jpg,0,0.997620165348053
datasets/dataset/train/align_382092518_1362904307912373_3587933176241945395_n (1).jpg,0,0.9963780045509338
datasets/dataset/train/align_382169922_1362904317912372_5998947765064698534_n.jpg,0,0.9998049139976501
datasets/dataset/train/align_4036_giay_to-1640516793521.jpg,0,0.9995458722114563
datasets/dataset/train/align_445364644_1835990100158730_2086318778084148035_n.jpg,0,0.9998834133148193
datasets/dataset/train/align_445419474_1835990046825402_6846194573878653234_n.jpg,0,0.9999527931213379
datasets/dataset/train/align_445465008_1835990073492066_1687766488564445913_n.jpg,0,0.9988227486610413
datasets/dataset/train/align_449834756_122152901630146423_2759761942996986682_n (1).jpg,0,0.9998052716255188
datasets/dataset/train/align_449834756_122152901630146423_2759761942996986682_n.jpg,0,0.9998052716255188
datasets/dataset/train/align_449841152_122152901732146423_1872797524970950554_n (1).jpg,0,0.9997796416282654
datasets/dataset/train/align_449841152_122152901732146423_1872797524970950554_n.jpg,0,0.9997796416282654
datasets/dataset/train/align_449951713_122155245872213127_5851026193204666579_n.jpg,0,0.9998577833175659
datasets/dataset/train/align_450368343_122155519976213127_6451750183572693720_n.jpg,0,0.9975302815437317
datasets/dataset/train/align_450418579_122155519916213127_7956097606160413962_n.jpg,0,0.9999669790267944
datasets/dataset/train/align_450468601_122155522190213127_2634408164137005897_n.jpg,0,0.9999669790267944
datasets/dataset/train/align_450513251_987285009762859_6919935532447081020_n.jpg,0,0.9975302815437317
datasets/dataset/train/align_809980b53c80dede8791.jpg,0,0.9998843669891357
datasets/dataset/train/align_CVX (2).jpg,1,0.9997647404670715
datasets/dataset/train/align_CVX (3).jpg,0,0.999945878982544
datasets/dataset/train/align_Cach-kiem-tra-cavet-xe-may-that-gia-nhanh-chong-nam-2022.jpg,0,0.9998569488525391
datasets/dataset/train/align_DANG KY (2).jpg,0,0.9974182844161987
datasets/dataset/train/align_DKX 2.jpg,0,0.9796891808509827
datasets/dataset/train/align_DangKyXe.jpg,0,0.999110996723175
datasets/dataset/train/align_DateCamera0531095311.jpg,0,0.9997441172599792
datasets/dataset/train/align_GTX (5).jpg,0,0.9999608993530273
datasets/dataset/train/align_GTX (9).jpg,0,0.9977821707725525
datasets/dataset/train/align_IMG_0001.jpg,0,0.9998028874397278
datasets/dataset/train/align_IMG_0046.jpg,1,0.9880796074867249
datasets/dataset/train/align_IMG_0144.jpg,0,0.9999785423278809
datasets/dataset/train/align_IMG_0194.jpg,1,0.9995146989822388
datasets/dataset/train/align_IMG_02072016_125447.jpg,1,0.9829286336898804
datasets/dataset/train/align_IMG_0258 (2).jpg,0,0.9999679327011108
datasets/dataset/train/align_IMG_0258.jpg,0,0.9999517202377319
datasets/dataset/train/align_IMG_0290 (2).jpg,0,0.9999347925186157
datasets/dataset/train/align_IMG_0290.jpg,0,0.9999347925186157
datasets/dataset/train/align_IMG_0348.jpg,1,0.9983974099159241
datasets/dataset/train/align_IMG_0355.jpg,1,0.9591413736343384
datasets/dataset/train/align_IMG_0368.jpg,0,0.9996488094329834
datasets/dataset/train/align_IMG_0370.jpg,0,0.999599039554596
datasets/dataset/train/align_IMG_0401.jpg,1,0.9846922159194946
datasets/dataset/train/align_IMG_0404.jpg,1,0.8762285113334656
datasets/dataset/train/align_IMG_0430 (2).jpg,0,0.9997474551200867
datasets/dataset/train/align_IMG_0430.jpg,0,0.999956488609314
datasets/dataset/train/align_IMG_0471.jpg,0,0.9999231100082397
datasets/dataset/train/align_IMG_0472.jpg,0,0.997742772102356
datasets/dataset/train/align_IMG_0529.jpg,0,0.9997759461402893
datasets/dataset/train/align_IMG_0553.jpg,0,0.9611498117446899
datasets/dataset/train/align_IMG_0560.jpg,0,0.999832272529602
datasets/dataset/train/align_IMG_0630.jpg,1,0.9995576739311218
datasets/dataset/train/align_IMG_0637.jpg,0,0.9996514320373535
datasets/dataset/train/align_IMG_0665.jpg,0,0.9950527548789978
datasets/dataset/train/align_IMG_0781.jpg,0,0.8628438115119934
datasets/dataset/train/align_IMG_0789.jpg,0,0.9994268417358398
datasets/dataset/train/align_IMG_0794.jpg,0,0.999854564666748
datasets/dataset/train/align_IMG_0962 (2).jpg,1,0.9977329969406128
datasets/dataset/train/align_IMG_1026 (2).jpg,0,0.9990087747573853
datasets/dataset/train/align_IMG_1049 (2).jpg,0,0.9997860789299011
datasets/dataset/train/align_IMG_1066.jpg,0,0.9996776580810547
datasets/dataset/train/align_IMG_1067.jpg,0,0.9952713847160339
datasets/dataset/train/align_IMG_1132.jpg,1,0.9964599013328552
datasets/dataset/train/align_IMG_1209.jpg,0,0.9999701976776123
datasets/dataset/train/align_IMG_1218.jpg,0,0.9982321858406067
datasets/dataset/train/align_IMG_1225.jpg,0,0.9984341263771057
datasets/dataset/train/align_IMG_1242.jpg,0,0.9978013634681702
datasets/dataset/train/align_IMG_1381.jpg,1,0.9886666536331177
datasets/dataset/train/align_IMG_1418.jpg,0,0.9995657801628113
datasets/dataset/train/align_IMG_1419.jpg,0,0.9999904632568359
datasets/dataset/train/align_IMG_1422.jpg,0,0.9995183944702148
datasets/dataset/train/align_IMG_1476.jpg,1,0.988772451877594
datasets/dataset/train/align_IMG_1504.jpg,0,0.9996844530105591
datasets/dataset/train/align_IMG_1513.jpg,0,0.9999109506607056
datasets/dataset/train/align_IMG_1569.jpg,0,0.9991363883018494
datasets/dataset/train/align_IMG_1587.jpg,0,0.9984456896781921
datasets/dataset/train/align_IMG_1593.jpg,1,0.9714842438697815
datasets/dataset/train/align_IMG_1640.jpg,1,0.9980183839797974
datasets/dataset/train/align_IMG_1641.jpg,1,0.9962737560272217
datasets/dataset/train/align_IMG_1689.jpg,0,0.9999227523803711
datasets/dataset/train/align_IMG_1706.jpg,0,0.9999179840087891
datasets/dataset/train/align_IMG_1740.jpg,1,0.9994953870773315
datasets/dataset/train/align_IMG_1760.jpg,1,0.9988514184951782
datasets/dataset/train/align_IMG_1787.jpg,0,0.9962639212608337
datasets/dataset/train/align_IMG_1830.jpg,0,0.9990068078041077
datasets/dataset/train/align_IMG_1844.jpg,1,0.9925028085708618
datasets/dataset/train/align_IMG_1860.jpg,1,0.9997333884239197
datasets/dataset/train/align_IMG_1975.jpg,1,0.831386387348175
datasets/dataset/train/align_IMG_20160518_085347.jpg,0,0.9958349466323853
datasets/dataset/train/align_IMG_20210222_101241_844.jpg,1,0.9996170997619629
datasets/dataset/train/align_IMG_20210223_081830_505.jpg,1,0.986305832862854
datasets/dataset/train/align_IMG_20210223_110608_127.jpg,0,0.9999891519546509
datasets/dataset/train/align_IMG_20210223_133718_798.jpg,0,0.9998987913131714
datasets/dataset/train/align_IMG_20210224_084309_727.jpg,1,0.7636376023292542
datasets/dataset/train/align_IMG_20210224_112923.jpg,0,0.9856045842170715
datasets/dataset/train/align_IMG_20210226_093625_295.jpg,0,0.9995924830436707
datasets/dataset/train/align_IMG_20210227_093210_213.jpg,0,0.9998377561569214
datasets/dataset/train/align_IMG_20210227_093213_313.jpg,0,0.9999382495880127
datasets/dataset/train/align_IMG_20210302_082706_942.jpg,1,0.9990153312683105
datasets/dataset/train/align_IMG_20210303_083046_741.jpg,1,0.9680611491203308
datasets/dataset/train/align_IMG_20210303_083126_566.jpg,1,0.9905465841293335
datasets/dataset/train/align_IMG_20210303_084324_907.jpg,1,0.999360978603363
datasets/dataset/train/align_IMG_20210303_084327_000.jpg,1,0.9991201758384705
datasets/dataset/train/align_IMG_20210308_084337_817.jpg,1,0.9992433786392212
datasets/dataset/train/align_IMG_20210309_092936_536.jpg,1,0.9995794892311096
datasets/dataset/train/align_IMG_20210312_091824_338.jpg,0,0.9998466968536377
datasets/dataset/train/align_IMG_20210313_110414 (1).jpg,0,0.9999933242797852
datasets/dataset/train/align_IMG_20210318_105049.jpg,0,0.9991156458854675
datasets/dataset/train/align_IMG_20210322_175757_894.jpg,1,0.5625088810920715
datasets/dataset/train/align_IMG_20210325_095807_870.jpg,1,0.999698281288147
datasets/dataset/train/align_IMG_20210325_095810_091.jpg,1,0.9983426332473755
datasets/dataset/train/align_IMG_20210325_103326.jpg,0,0.9997445940971375
datasets/dataset/train/align_IMG_20210325_134937_026.jpg,1,0.9992077946662903
datasets/dataset/train/align_IMG_20210325_134939_200.jpg,1,0.9994388222694397
datasets/dataset/train/align_IMG_20210329_094452_672.jpg,1,0.9989532232284546
datasets/dataset/train/align_IMG_20210329_104706_513.jpg,0,0.9996163845062256
datasets/dataset/train/align_IMG_20210329_111110_361.jpg,0,0.9996825456619263
datasets/dataset/train/align_IMG_20210329_111113_458.jpg,0,0.9951366782188416
datasets/dataset/train/align_IMG_20210401_080455_233.jpg,0,0.9957542419433594
datasets/dataset/train/align_IMG_20210401_082822_833.jpg,1,0.9997202754020691
datasets/dataset/train/align_IMG_20210402_083351_183.jpg,0,0.9981885552406311
datasets/dataset/train/align_IMG_20210402_083353_780.jpg,0,0.9860166907310486
datasets/dataset/train/align_IMG_20210402_085346_987.jpg,0,0.9965606331825256
datasets/dataset/train/align_IMG_20210402_090853_659.jpg,1,0.9992796778678894
datasets/dataset/train/align_IMG_20210405_105352_431.jpg,0,0.9966490864753723
datasets/dataset/train/align_IMG_20210405_113310_128.jpg,0,0.9997857213020325
datasets/dataset/train/align_IMG_20210406_085942_280.jpg,1,0.9965883493423462
datasets/dataset/train/align_IMG_20210406_093331_167.jpg,1,0.924110472202301
datasets/dataset/train/align_IMG_20210409_083013_713.jpg,1,0.981942355632782
datasets/dataset/train/align_IMG_20210412_102005_684.jpg,1,0.9996615648269653
datasets/dataset/train/align_IMG_20210412_105359_694.jpg,0,0.9975317716598511
datasets/dataset/train/align_IMG_20210412_111932_390.jpg,0,0.9873487949371338
datasets/dataset/train/align_IMG_20210412_111934_649.jpg,0,0.9986845850944519
datasets/dataset/train/align_IMG_20210412_112356_025.jpg,1,0.9998252987861633
datasets/dataset/train/align_IMG_20210412_191200.jpg,0,0.9999595880508423
datasets/dataset/train/align_IMG_20210413_091336_318.jpg,1,0.8254740238189697
datasets/dataset/train/align_IMG_20210413_101303_732.jpg,1,0.9954200983047485
datasets/dataset/train/align_IMG_20210420_102954_547.jpg,0,0.9996702671051025
datasets/dataset/train/align_IMG_20210423_103927_569.jpg,1,0.9357595443725586
datasets/dataset/train/align_IMG_20210423_110204_353.jpg,1,0.9940494298934937
datasets/dataset/train/align_IMG_20210426_123016_954.jpg,1,0.999752938747406
datasets/dataset/train/align_IMG_20210427_083136_715.jpg,1,0.9989635944366455
datasets/dataset/train/align_IMG_20210427_110745_715.jpg,1,0.9983317255973816
datasets/dataset/train/align_IMG_20210428_180214_202.jpg,1,0.995639443397522
datasets/dataset/train/align_IMG_20210504_081443_724.jpg,1,0.9940506815910339
datasets/dataset/train/align_IMG_20210504_082117_706.jpg,1,0.9983009696006775
datasets/dataset/train/align_IMG_20210504_090911_381.jpg,1,0.998342752456665
datasets/dataset/train/align_IMG_20210505_082759_490.jpg,0,0.9991381168365479
datasets/dataset/train/align_IMG_20210505_101403_900.jpg,0,0.9998016953468323
datasets/dataset/train/align_IMG_20210506_091957_975.jpg,1,0.9985983967781067
datasets/dataset/train/align_IMG_20210507_093820_991.jpg,0,0.9999641180038452
datasets/dataset/train/align_IMG_20210508_104258_433.jpg,1,0.9934936165809631
datasets/dataset/train/align_IMG_20210508_141729_356.jpg,0,0.9996330738067627
datasets/dataset/train/align_IMG_20210508_142443_257.jpg,0,0.9904994368553162
datasets/dataset/train/align_IMG_20210511_083957_038.jpg,0,0.9999499320983887
datasets/dataset/train/align_IMG_20210511_084639_351.jpg,0,0.9998582601547241
datasets/dataset/train/align_IMG_20210511_101902_945.jpg,1,0.9994876384735107
datasets/dataset/train/align_IMG_20210511_101904_397.jpg,1,0.9990942478179932
datasets/dataset/train/align_IMG_20210511_160453_458.jpg,1,0.9824848771095276
datasets/dataset/train/align_IMG_20210512_120434_527.jpg,1,0.9994896650314331
datasets/dataset/train/align_IMG_20210512_120435_980.jpg,1,0.9999843835830688
datasets/dataset/train/align_IMG_20210513_094403.jpg,0,0.9998849630355835
datasets/dataset/train/align_IMG_20210513_151855_973.jpg,1,0.9999616146087646
datasets/dataset/train/align_IMG_20210514_102228_191.jpg,1,0.998712420463562
datasets/dataset/train/align_IMG_20210514_151829_028.jpg,0,0.9748463034629822
datasets/dataset/train/align_IMG_20210514_151834_061.jpg,0,0.9960160851478577
datasets/dataset/train/align_IMG_20210517_134155_530.jpg,1,0.9997022747993469
datasets/dataset/train/align_IMG_20210520_094433_450.jpg,1,0.999544084072113
datasets/dataset/train/align_IMG_20210520_105432_336.jpg,0,0.9977319240570068
datasets/dataset/train/align_IMG_20210520_105434_199.jpg,0,0.9996662139892578
datasets/dataset/train/align_IMG_20210520_140038_706.jpg,1,0.9961584210395813
datasets/dataset/train/align_IMG_20210521_124945.jpg,0,0.997225284576416
datasets/dataset/train/align_IMG_20210521_124946.jpg,0,0.9996021389961243
datasets/dataset/train/align_IMG_20210521_160233_623.jpg,1,0.9997101426124573
datasets/dataset/train/align_IMG_20210521_160235_106.jpg,1,0.999213695526123
datasets/dataset/train/align_IMG_20210522_101800_431.jpg,0,0.9992802739143372
datasets/dataset/train/align_IMG_20210522_101803_080.jpg,0,0.99847012758255
datasets/dataset/train/align_IMG_20210522_133936_287.jpg,0,0.998138427734375
datasets/dataset/train/align_IMG_20210524_104131_297.jpg,0,0.9998862743377686
datasets/dataset/train/align_IMG_20210525_102956_548.jpg,0,0.9992874264717102
datasets/dataset/train/align_IMG_20210525_154247_476.jpg,1,0.9993183612823486
datasets/dataset/train/align_IMG_20210527_093513_356.jpg,1,0.9962936043739319
datasets/dataset/train/align_IMG_20210527_150940.jpg,1,0.9976601600646973
datasets/dataset/train/align_IMG_20210531_083946_842.jpg,1,0.9947445392608643
datasets/dataset/train/align_IMG_20210531_083956_308.jpg,1,0.9994786381721497
datasets/dataset/train/align_IMG_20210531_091027_648.jpg,0,0.9971006512641907
datasets/dataset/train/align_IMG_20210531_091404_368.jpg,0,0.9996362924575806
datasets/dataset/train/align_IMG_20210602_095008_373.jpg,0,0.9996660947799683
datasets/dataset/train/align_IMG_20210605_103906_152.jpg,1,0.9919914603233337
datasets/dataset/train/align_IMG_20210612_125621_414.jpg,1,0.9998095631599426
datasets/dataset/train/align_IMG_20210614_102047_027.jpg,1,0.9995468258857727
datasets/dataset/train/align_IMG_20210614_103741_718.jpg,1,0.9964377880096436
datasets/dataset/train/align_IMG_20210615_102955_163.jpg,1,0.999010443687439
datasets/dataset/train/align_IMG_20210615_102959_463.jpg,1,0.9980065226554871
datasets/dataset/train/align_IMG_20210618_180606_309.jpg,1,0.9997608065605164
datasets/dataset/train/align_IMG_20211001_092445_046.jpg,0,0.9969973564147949
datasets/dataset/train/align_IMG_20211004_075105_162.jpg,0,0.9998747110366821
datasets/dataset/train/align_IMG_20211004_100955_386.jpg,1,0.99941086769104
datasets/dataset/train/align_IMG_20211005_100720_194.jpg,1,0.9826284646987915
datasets/dataset/train/align_IMG_20211005_112346_703.jpg,1,0.9999115467071533
datasets/dataset/train/align_IMG_20211009_091449_717.jpg,0,0.9832646250724792
datasets/dataset/train/align_IMG_20211009_091451_935.jpg,0,0.9995181560516357
datasets/dataset/train/align_IMG_20211013_101645_810.jpg,1,0.9979763627052307
datasets/dataset/train/align_IMG_20211013_112901_720.jpg,0,0.9917759895324707
datasets/dataset/train/align_IMG_20211015_091446_486.jpg,1,0.994968831539154
datasets/dataset/train/align_IMG_20211015_103837_661.jpg,1,0.9999285936355591
datasets/dataset/train/align_IMG_20211020_092638_707.jpg,0,0.9953364729881287
datasets/dataset/train/align_IMG_20211020_092644_248.jpg,0,0.9999350309371948
datasets/dataset/train/align_IMG_20211020_094455_346.jpg,0,0.9817065596580505
datasets/dataset/train/align_IMG_20211020_100755_984.jpg,1,0.9876139163970947
datasets/dataset/train/align_IMG_20211020_110450_593.jpg,0,0.9972004890441895
datasets/dataset/train/align_IMG_20211020_172251_471.jpg,0,0.9985979199409485
datasets/dataset/train/align_IMG_20211021_094826_314.jpg,0,0.9998480081558228
datasets/dataset/train/align_IMG_20211022_085600_327.jpg,0,0.9982107877731323
datasets/dataset/train/align_IMG_20211022_085604_874.jpg,0,0.9836190342903137
datasets/dataset/train/align_IMG_20211022_173057_985.jpg,0,0.9983261227607727
datasets/dataset/train/align_IMG_20211025_093631_781.jpg,0,0.9994720816612244
datasets/dataset/train/align_IMG_20211025_103840_282.jpg,1,0.942386269569397
datasets/dataset/train/align_IMG_20211025_112759_140.jpg,1,0.9938299059867859
datasets/dataset/train/align_IMG_20211025_133432_832.jpg,1,0.9998892545700073
datasets/dataset/train/align_IMG_20211029_093336_851.jpg,1,0.9975499510765076
datasets/dataset/train/align_IMG_20211031_085321_367.jpg,0,0.9977339506149292
datasets/dataset/train/align_IMG_20211101_125103_266.jpg,0,0.998847246170044
datasets/dataset/train/align_IMG_20211102_112447_462.jpg,1,0.9988179802894592
datasets/dataset/train/align_IMG_20211104_094734_285.jpg,0,0.9998555183410645
datasets/dataset/train/align_IMG_20211104_130230_323.jpg,1,0.9993889331817627
datasets/dataset/train/align_IMG_20211106_101105_792.jpg,0,0.9973993301391602
datasets/dataset/train/align_IMG_20211110_100726_905.jpg,1,0.9973370432853699
datasets/dataset/train/align_IMG_20211110_100730_428.jpg,1,0.9999685287475586
datasets/dataset/train/align_IMG_20211113_084208_059.jpg,0,0.999715268611908
datasets/dataset/train/align_IMG_20211115_101501_950.jpg,1,0.9931186437606812
datasets/dataset/train/align_IMG_20220124_103737_322.jpg,0,0.9979565143585205
datasets/dataset/train/align_IMG_20220124_105805_032.jpg,0,0.9999868869781494
datasets/dataset/train/align_IMG_20220124_105807_382.jpg,0,0.9964828491210938
datasets/dataset/train/align_IMG_20220124_112439_748.jpg,0,0.9996340274810791
datasets/dataset/train/align_IMG_20220124_120331_071.jpg,0,0.9999803304672241
datasets/dataset/train/align_IMG_20220207_105659_739.jpg,0,0.9986934065818787
datasets/dataset/train/align_IMG_20220209_143029_563.jpg,0,0.9993799924850464
datasets/dataset/train/align_IMG_20220210_084451_248.jpg,1,0.9968135952949524
datasets/dataset/train/align_IMG_20220210_100520_890.jpg,1,0.9835650324821472
datasets/dataset/train/align_IMG_20220212_080739_138.jpg,0,0.9966436624526978
datasets/dataset/train/align_IMG_20220212_080741_464.jpg,0,0.9997991919517517
datasets/dataset/train/align_IMG_20220222_091839_118.jpg,0,0.7613261938095093
datasets/dataset/train/align_IMG_20220504_111354_781.jpg,0,0.9999338388442993
datasets/dataset/train/align_IMG_2061.jpg,1,0.9995348453521729
datasets/dataset/train/align_IMG_2164.jpg,0,0.9987409710884094
datasets/dataset/train/align_IMG_2180.jpg,0,0.9956315755844116
datasets/dataset/train/align_IMG_2185.jpg,0,0.9662827849388123
datasets/dataset/train/align_IMG_2247.jpg,0,0.9997249245643616
datasets/dataset/train/align_IMG_2280.jpg,0,0.9992048144340515
datasets/dataset/train/align_IMG_2281.jpg,0,0.9998617172241211
datasets/dataset/train/align_IMG_2282.jpg,0,0.9999324083328247
datasets/dataset/train/align_IMG_2332.jpg,1,0.9998351335525513
datasets/dataset/train/align_IMG_2367.jpg,0,0.9999728202819824
datasets/dataset/train/align_IMG_2505.jpg,0,0.9996647834777832
datasets/dataset/train/align_IMG_2533.jpg,0,0.9988877177238464
datasets/dataset/train/align_IMG_2713.jpg,1,0.9996862411499023
datasets/dataset/train/align_IMG_2722.jpg,0,0.9998658895492554
datasets/dataset/train/align_IMG_2883.jpg,0,0.9983406066894531
datasets/dataset/train/align_IMG_2898.jpg,0,0.9989873766899109
datasets/dataset/train/align_IMG_2946.jpg,0,0.9996904134750366
datasets/dataset/train/align_IMG_2991.jpg,1,0.9984482526779175
datasets/dataset/train/align_IMG_3014 (1).jpg,0,0.9990012049674988
datasets/dataset/train/align_IMG_3014.jpg,0,0.9985067248344421
datasets/dataset/train/align_IMG_3043.jpg,1,0.9381415843963623
datasets/dataset/train/align_IMG_3090.jpg,1,0.9743695855140686
datasets/dataset/train/align_IMG_3133.jpg,0,0.9998288154602051
datasets/dataset/train/align_IMG_3134.jpg,0,0.9999626874923706
datasets/dataset/train/align_IMG_3161.jpg,1,0.9722641110420227
datasets/dataset/train/align_IMG_3281.jpg,0,0.9904370903968811
datasets/dataset/train/align_IMG_3444.jpg,0,0.999983549118042
datasets/dataset/train/align_IMG_3551.jpg,1,0.9981654286384583
datasets/dataset/train/align_IMG_3562.jpg,1,0.9988411068916321
datasets/dataset/train/align_IMG_3609.jpg,0,0.9993600249290466
datasets/dataset/train/align_IMG_3712.jpg,0,0.9997734427452087
datasets/dataset/train/align_IMG_3724 (6).jpg,1,0.9990146160125732
datasets/dataset/train/align_IMG_3794.jpg,1,0.85116046667099
datasets/dataset/train/align_IMG_3800.jpg,0,0.9998419284820557
datasets/dataset/train/align_IMG_3802.jpg,0,0.9988110065460205
datasets/dataset/train/align_IMG_3804.jpg,0,0.997674286365509
datasets/dataset/train/align_IMG_3972.jpg,1,0.999953031539917
datasets/dataset/train/align_IMG_3984 (3).jpg,0,0.9956834316253662
datasets/dataset/train/align_IMG_3984 (4).jpg,0,0.9956834316253662
datasets/dataset/train/align_IMG_3984.jpg,0,0.9956834316253662
datasets/dataset/train/align_IMG_3996.jpg,0,0.9991984963417053
datasets/dataset/train/align_IMG_4010.jpg,1,0.9911960363388062
datasets/dataset/train/align_IMG_4049.jpg,1,0.9991576671600342
datasets/dataset/train/align_IMG_4052.jpg,1,0.9792385697364807
datasets/dataset/train/align_IMG_4056.jpg,0,0.998986542224884
datasets/dataset/train/align_IMG_4129.jpg,0,0.9998304843902588
datasets/dataset/train/align_IMG_4218.jpg,1,0.9853013157844543
datasets/dataset/train/align_IMG_4232.jpg,1,0.9993021488189697
datasets/dataset/train/align_IMG_4238.jpg,1,0.75429767370224
datasets/dataset/train/align_IMG_4243.jpg,1,0.9988180994987488
datasets/dataset/train/align_IMG_4280.jpg,0,0.998531699180603
datasets/dataset/train/align_IMG_4303.jpg,1,0.9233624935150146
datasets/dataset/train/align_IMG_4450.jpg,0,0.9998878240585327
datasets/dataset/train/align_IMG_4696.jpg,0,0.9998027682304382
datasets/dataset/train/align_IMG_4697.jpg,0,0.997384250164032
datasets/dataset/train/align_IMG_4778.jpg,1,0.9981229901313782
datasets/dataset/train/align_IMG_4798.jpg,0,0.9989504218101501
datasets/dataset/train/align_IMG_4923.jpg,1,0.9938031435012817
datasets/dataset/train/align_IMG_5073.jpg,0,0.9974243640899658
datasets/dataset/train/align_IMG_5101.jpg,1,0.9838846325874329
datasets/dataset/train/align_IMG_5122.jpg,0,0.9994601607322693
datasets/dataset/train/align_IMG_5227.jpg,1,0.9978118538856506
datasets/dataset/train/align_IMG_5228.jpg,1,0.9966315627098083
datasets/dataset/train/align_IMG_5286.jpg,0,0.999984622001648
datasets/dataset/train/align_IMG_5318.jpg,0,0.980498731136322
datasets/dataset/train/align_IMG_5319.jpg,0,0.9998677968978882
datasets/dataset/train/align_IMG_5358.jpg,1,0.9996339082717896
datasets/dataset/train/align_IMG_5473.jpg,0,0.9997196793556213
datasets/dataset/train/align_IMG_5487.jpg,0,0.9945841431617737
datasets/dataset/train/align_IMG_5488.jpg,0,0.9977284073829651
datasets/dataset/train/align_IMG_5527.jpg,0,0.9999395608901978
datasets/dataset/train/align_IMG_5642.jpg,0,0.9999489784240723
datasets/dataset/train/align_IMG_5683.jpg,0,0.9956834316253662
datasets/dataset/train/align_IMG_5727.jpg,1,0.9995662569999695
datasets/dataset/train/align_IMG_5785.jpg,0,0.999761164188385
datasets/dataset/train/align_IMG_5873.jpg,0,0.9954360127449036
datasets/dataset/train/align_IMG_5930.jpg,0,0.9959540367126465
datasets/dataset/train/align_IMG_5932.jpg,0,0.9986444115638733
datasets/dataset/train/align_IMG_6256.jpg,0,0.9994788765907288
datasets/dataset/train/align_IMG_6477.jpg,1,0.9998512268066406
datasets/dataset/train/align_IMG_6491.jpg,0,0.9998742341995239
datasets/dataset/train/align_IMG_6497.jpg,0,0.9994972944259644
datasets/dataset/train/align_IMG_6498.jpg,0,0.9996421337127686
datasets/dataset/train/align_IMG_6507.jpg,0,0.9981221556663513
datasets/dataset/train/align_IMG_6562.jpg,1,0.9910374879837036
datasets/dataset/train/align_IMG_6640.jpg,1,0.9998319149017334
datasets/dataset/train/align_IMG_6704.jpg,1,0.996906578540802
datasets/dataset/train/align_IMG_6770.jpg,0,0.9998038411140442
datasets/dataset/train/align_IMG_6771.jpg,0,0.9998914003372192
datasets/dataset/train/align_IMG_6854.jpg,0,0.9990752935409546
datasets/dataset/train/align_IMG_7022.jpg,1,0.9995148181915283
datasets/dataset/train/align_IMG_7051.jpg,1,0.9999293088912964
datasets/dataset/train/align_IMG_7060.jpg,1,0.9964062571525574
datasets/dataset/train/align_IMG_7186.jpg,0,0.9988260865211487
datasets/dataset/train/align_IMG_7357.jpg,0,0.9957354068756104
datasets/dataset/train/align_IMG_7520.jpg,1,0.9995280504226685
datasets/dataset/train/align_IMG_7550.jpg,1,0.9746447205543518
datasets/dataset/train/align_IMG_7557.jpg,0,0.9958248138427734
datasets/dataset/train/align_IMG_7736.jpg,0,0.9997901320457458
datasets/dataset/train/align_IMG_7865.jpg,0,0.9916752576828003
datasets/dataset/train/align_IMG_7866.jpg,0,0.9981689453125
datasets/dataset/train/align_IMG_7935.jpg,1,0.9984079003334045
datasets/dataset/train/align_IMG_7986.jpg,1,0.9988403916358948
datasets/dataset/train/align_IMG_8110.jpg,1,0.9997958540916443
datasets/dataset/train/align_IMG_8245.jpg,0,0.9999696016311646
datasets/dataset/train/align_IMG_8316.jpg,1,0.9971728324890137
datasets/dataset/train/align_IMG_8437.jpg,1,0.9985952973365784
datasets/dataset/train/align_IMG_8606.jpg,1,0.9978833794593811
datasets/dataset/train/align_IMG_8717.jpg,1,0.9824823141098022
datasets/dataset/train/align_IMG_8887.jpg,1,0.9976868629455566
datasets/dataset/train/align_IMG_8906.jpg,0,0.9985421895980835
datasets/dataset/train/align_IMG_8911.jpg,1,0.9855208992958069
datasets/dataset/train/align_IMG_9064.jpg,0,0.9999123811721802
datasets/dataset/train/align_IMG_9065.jpg,0,0.9950631260871887
datasets/dataset/train/align_IMG_9180.jpg,1,0.9977566599845886
datasets/dataset/train/align_IMG_9235.jpg,0,0.9974053502082825
datasets/dataset/train/align_IMG_9405.jpg,1,0.9989099502563477
datasets/dataset/train/align_IMG_9405_timestamp.jpg,1,0.9981100559234619
datasets/dataset/train/align_IMG_9417.jpg,0,0.9998231530189514
datasets/dataset/train/align_IMG_9453.jpg,0,0.9997743964195251
datasets/dataset/train/align_IMG_9483.jpg,1,0.9831566214561462
datasets/dataset/train/align_IMG_9624.jpg,1,0.9995474219322205
datasets/dataset/train/align_IMG_9758.jpg,0,0.9998700618743896
datasets/dataset/train/align_IMG_9758_timestamp.jpg,0,0.9998792409896851
datasets/dataset/train/align_IMG_9802.jpg,0,0.9992214441299438
datasets/dataset/train/align_IMG_9803.jpg,0,0.9970831274986267
datasets/dataset/train/align_IMG_9821.jpg,1,0.9975970387458801
datasets/dataset/train/align_IMG_9851.jpg,0,0.8473455905914307
datasets/dataset/train/align_IMG_9852.jpg,0,0.999705970287323
datasets/dataset/train/align_IMG_9910.jpg,0,0.9970654845237732
datasets/dataset/train/align_TGHS3-1669973385595.jpg,0,0.9675579071044922
datasets/dataset/train/align_TimePhoto_20210301_082327.jpg,1,0.9481489062309265
datasets/dataset/train/align_TimePhoto_20210406_005553.jpg,0,0.9996542930603027
datasets/dataset/train/align_TimePhoto_20210612_162131.jpg,0,0.9999289512634277
datasets/dataset/train/align_TimePhoto_20210612_162133.jpg,0,0.9997007846832275
datasets/dataset/train/align_TimePhoto_20210614_100606.jpg,0,0.9990236759185791
datasets/dataset/train/align_TimePhoto_20210614_100609.jpg,0,0.9996442794799805
datasets/dataset/train/align_TimePhoto_20210826_112544.jpg,1,0.99937903881073
datasets/dataset/train/align_banner6_1.jpg,0,0.9999001026153564
datasets/dataset/train/align_cavet-xe-mau-moi-2021-min-2.jpg,0,0.9999669790267944
datasets/dataset/train/align_cavet_xe_o_to_transoceanservice.jpg,0,0.9997077584266663
datasets/dataset/train/align_cv-blx.jpg,1,0.9995960593223572
datasets/dataset/train/align_cvx (4).jpg,1,0.9999390840530396
datasets/dataset/train/align_cvx+ blx.jpg,1,0.9991784691810608
datasets/dataset/train/align_cvx- blx (2).jpg,1,0.9989767074584961
datasets/dataset/train/align_c├а-vс║╣t-xe-air-blade-c┼й.jpg,0,0.9914843440055847
datasets/dataset/train/align_d.jpg,0,0.9994251728057861
datasets/dataset/train/align_dang-ky-o-to.jpg,0,0.998859167098999
datasets/dataset/train/align_dang-ky-xe-lux-a-298994b0-86e5-4b86-885d-0eec89835dc2.jpg,0,0.9998496770858765
datasets/dataset/train/align_gia-lam-nguoi-nha-nguoi-bi-tai-nan-de-hoi-xe-may-1.jpg,0,0.9998062252998352
datasets/dataset/train/align_giai-ma-cac-ki-tu-t-v-va-x-tren-ca-vet-xe-may-va-ca-ca-vet-xe-hoi-9130-1700729072-655f10f07c16a.jpg,0,0.999817430973053
datasets/dataset/train/align_giay_to-1640516769343.jpg,0,0.997054934501648
datasets/dataset/train/align_giay_to-1640516793521.jpg,0,0.9995018243789673
datasets/dataset/train/align_image.jpg,1,0.9996351003646851
datasets/dataset/train/align_msau1.jpg,1,0.9999687671661377
datasets/dataset/train/align_msau2.jpg,0,0.9997020363807678
datasets/dataset/train/align_msau3.jpg,1,0.998349666595459
datasets/dataset/train/align_msau4.jpg,1,0.9992142915725708
datasets/dataset/train/align_msau5.jpg,0,0.9961841702461243
datasets/dataset/train/align_msau6.jpg,0,0.9999672174453735
datasets/dataset/train/align_received-640928114378285-2638.jpg,0,0.9807056784629822
datasets/dataset/train/align_thu-tuc-dang-ky-xe-may_2601151440.jpg,0,0.999953031539917
datasets/dataset/train/align_thu-tuc-lam-cavet-xe-may-gia-bao-nhieu-tien.jpg,0,0.9997254014015198
datasets/dataset/train/align_unnamed.jpg,0,0.9968660473823547
datasets/dataset/train/align_z1002620503631-317f823e24f50204804cc346c657753d.jpg,0,0.999733030796051
datasets/dataset/train/align_z1089492487179_08beac5d93108f253bd0c3844fdfbc1b.jpg,0,0.916122317314148
datasets/dataset/train/align_z1111857108178_928f44e9fe4161b206c811b234ab9445.jpg,1,0.99561607837677
datasets/dataset/train/align_z1111873798114_6c534cb7329a0f26e727e210ca684213.jpg,1,0.965743899345398
datasets/dataset/train/align_z1111874354968_58099d91f096a106687ab6586b5abcbb.jpg,1,0.9998514652252197
datasets/dataset/train/align_z1111875302709_ab88e81682e4cb65ee7857ac2c967f8c.jpg,0,0.9989043474197388
datasets/dataset/train/align_z1129806769341_fed2bbc8252a09e77db7051c60c80267.jpg,1,0.996024489402771
datasets/dataset/train/align_z1129806771798_7be66d31017cd23e2c705fa6610b4579.jpg,1,0.9837942719459534
datasets/dataset/train/align_z1129811654530_03229c0de95f17f9c2cad33ce4d5595e.jpg,0,0.9997128844261169
datasets/dataset/train/align_z1130085436773_3e57fe021baefffa1927fae254b18808.jpg,0,0.9995971322059631
datasets/dataset/train/align_z1130085437862_b888791e655f9a6e44556cb8efcd7c20.jpg,0,0.999737560749054
datasets/dataset/train/align_z1131192159063_2a55876ef4d1d0663deb26827fb25f7e.jpg,0,0.9499878883361816
datasets/dataset/train/align_z1137103038022_2b6ac91f1606da58fe9409e6556baa4b.jpg,0,0.997635006904602
datasets/dataset/train/align_z1137189540186_58eeef07b88d1b027db7d3907971949e.jpg,0,0.9976688027381897
datasets/dataset/train/align_z1143381670320_a65c949e92f819c610f3452ca529456e.jpg,0,0.9998575448989868
datasets/dataset/train/align_z1148296018188_a91be96cd7822809312aa2ec6547e204.jpg,1,0.9986300468444824
datasets/dataset/train/align_z1148306503967_8e5713350ca22cf7c4bbc272718dbe1a.jpg,0,0.9943245053291321
datasets/dataset/train/align_z1148306547100_5e3e6698640beef23f53f01c40c9ad9c.jpg,0,0.9953956007957458
datasets/dataset/train/align_z1148705755452_4a83afe2142ddc35e14fd6abb5b592b6.jpg,0,0.9996455907821655
datasets/dataset/train/align_z1152947424796_e1f5f57f29d9328372b1cd1452c57bed.jpg,1,0.9979615211486816
datasets/dataset/train/align_z1152947431358_2ab6fe8dca2de5db0042a7670d7856f0.jpg,1,0.9970815777778625
datasets/dataset/train/align_z1153660469925_0853c8085db2bcbb5c2166dacdb72b52.jpg,0,0.9953781366348267
datasets/dataset/train/align_z1159926346828_e71b36a292a5628ddcfecc3989964394.jpg,0,0.9993382096290588
datasets/dataset/train/align_z1159926350730_f9509aac24b3956e40f070dae527d9b0.jpg,0,0.9998458623886108
datasets/dataset/train/align_z1162968638437_89d46f4fc4af8c09f104c39baccab9bc.jpg,0,0.9998325109481812
datasets/dataset/train/align_z1163316497687_210a2810873849dc68123ec0cbce0dda.jpg,0,0.9997968077659607
datasets/dataset/train/align_z1169448252205_ef05f0fefe89af5f4f3b9cc309cbff7c.jpg,0,0.9940661191940308
datasets/dataset/train/align_z1170236326996_bd75a0fb9cadc088991942b1c9d18f58.jpg,1,0.9994935989379883
datasets/dataset/train/align_z1173513868223_a531be6a74f71c694891d5709d62411c.jpg,1,0.9996059536933899
datasets/dataset/train/align_z1176549002866_4ee7f7f8b1276b2a7eaadfeaf5688d5c.jpg,1,0.9997873902320862
datasets/dataset/train/align_z1180752364440_7a7ca1198f6adc2f202d6e541e5cd937.jpg,1,0.9995682835578918
datasets/dataset/train/align_z1180775920108_434c48be6c134fa6fc190431c4073492.jpg,0,0.9991797804832458
datasets/dataset/train/align_z1180838477074_f46f72cf679fdc61c773f5d780fe5c25.jpg,0,0.9927046895027161
datasets/dataset/train/align_z1183144484207_095ffef73419eb9e3512cac6413df397.jpg,0,0.999792754650116
datasets/dataset/train/align_z1185066182927_259018bc96d18ae30cbe7312ca5ab3a1.jpg,0,0.9998891353607178
datasets/dataset/train/align_z1185113031391_7ef9ad93a3a283aa3e889494551141e7.jpg,0,0.9442510008811951
datasets/dataset/train/align_z1185265850639_285903eaaf66b362ec0d60461fc49594.jpg,0,0.9996758699417114
datasets/dataset/train/align_z1188225850650_45eb31e7076a01b6a871db46d9e7659c.jpg,0,0.9998937845230103
datasets/dataset/train/align_z1188229699740_098af354c9db8ef2a31356e012a71728.jpg,1,0.9997900128364563
datasets/dataset/train/align_z1188229756483_6ee7525aa46a39618cbdab3abe5533ab.jpg,1,0.9968216419219971
datasets/dataset/train/align_z1188230547821_f450155e3d2f3a05b5a788d1a9561615.jpg,0,0.8762964606285095
datasets/dataset/train/align_z1188235127799_a65bc530fd98a0a60db0bc5508191825.jpg,1,0.9042955636978149
datasets/dataset/train/align_z1188235163796_f1648f62f4ca7b06503642ac01e64ccc.jpg,1,0.9428938627243042
datasets/dataset/train/align_z1188235215266_aacddf22265982ba570a91e5740c2ac0.jpg,1,0.9868965744972229
datasets/dataset/train/align_z1188236237742_791641f2c510967b0a4f4568aadac1ba.jpg,0,0.9996122717857361
datasets/dataset/train/align_z1188236595791_3f47e3da425b21af08658f3d21277461.jpg,1,0.9999417066574097
datasets/dataset/train/align_z1188236597416_277f2a07b652ecc88fdaacd0741d0f00.jpg,1,0.9997994303703308
datasets/dataset/train/align_z1189409774982_f36dd4af967c3216be57a9471c20b4ea.jpg,0,0.9998829364776611
datasets/dataset/train/align_z1189411060981_9bb206c5513cdb579f2c4179e59704f0.jpg,0,0.9993778467178345
datasets/dataset/train/align_z1189415371272_84acbe5d2bde41ee76976bb6b30c7814.jpg,0,0.9995580315589905
datasets/dataset/train/align_z1189418507958_86b8d350d05bdcae92567c28b993d924.jpg,0,0.9946169257164001
datasets/dataset/train/align_z1189418526281_7bbdec9aa7c3f44f7b9851c7fcc070d0.jpg,0,0.9987951517105103
datasets/dataset/train/align_z1195922438424_1ba1e1311af696d0988e5316f1ea9fe1.jpg,0,0.999427318572998
datasets/dataset/train/align_z1203451844199_c6dde2396b3f683c8915fcd07bea7a56.jpg,0,0.9869023561477661
datasets/dataset/train/align_z1215098528647_08f36a3044326b9f57fc63bc429a81c7.jpg,0,0.9996078610420227
datasets/dataset/train/align_z1215098542473_b7706da1b41859308835318b94c0a19f.jpg,0,0.9999297857284546
datasets/dataset/train/align_z1215101106226_0f377f72eb61d083b5a269f2995f1c2c.jpg,0,0.9997417330741882
datasets/dataset/train/align_z1215303931064_3637fe4c4b620bbfcab9f9d30ce5652c.jpg,0,0.9998741149902344
datasets/dataset/train/align_z1218169231923_c74db9dc774f1ecfb997afd7c4a97c3f.jpg,1,0.6581048965454102
datasets/dataset/train/align_z1218169237905_55806cecec26c77413705c38a8a0e00b.jpg,0,0.9777440428733826
datasets/dataset/train/align_z1218184046977_19ab176e3c2f961115e866315ca7dd96.jpg,0,0.9908808469772339
datasets/dataset/train/align_z1219622144863_6f5b22c4d49d137fd8087aff406cf4b7.jpg,0,0.9993151426315308
datasets/dataset/train/align_z1228604407594_9bd2500d58e480aa8d1da3669ab18c0e.jpg,0,0.9971544742584229
datasets/dataset/train/align_z1229881771319_e0df26c3e2206b38789da5e70009fb0b.jpg,0,0.9999194145202637
datasets/dataset/train/align_z1229881796244_8aa451afa0091f4a3f25daa7bc89e7a9.jpg,0,0.9971089959144592
datasets/dataset/train/align_z1234234728290_50c1d174f501eb33a99486b92dc3b7e5.jpg,1,0.9658406376838684
datasets/dataset/train/align_z1234392312121_6fe480e41c765d09d9d587a76b410eec.jpg,0,0.999700665473938
datasets/dataset/train/align_z1235390219305_b1e48c3207e37e75268b4ccdf25d17ca.jpg,0,0.9998212456703186
datasets/dataset/train/align_z1235395236182_3bc99e59ab3f65bfe06c6e696f4fa564.jpg,0,0.9988943934440613
datasets/dataset/train/align_z1235435271639_b46afea314a42ccf30067c32203fa130.jpg,0,0.9999592304229736
datasets/dataset/train/align_z1236111939726_bad77dffd2ff8a73df344daad972b351.jpg,0,0.9918020367622375
datasets/dataset/train/align_z1236139357508_3190954b0789087cc7733f138aaa0fdf.jpg,0,0.9987319111824036
datasets/dataset/train/align_z1236385532656_7472d23effd7e60511b29cf4e0113dc2.jpg,0,0.9821975231170654
datasets/dataset/train/align_z1236385547518_5c80d8de9b441b5b939597ec856d3c93.jpg,0,0.9800029993057251
datasets/dataset/train/align_z1237233598988_e41500c22c5d1a52c1019fd8593442ea.jpg,1,0.9976502060890198
datasets/dataset/train/align_z1237256266083_b5cd530598cac6cd7c300b41642aeee4.jpg,0,0.9993343949317932
datasets/dataset/train/align_z1238544160434_78bc8b75880ce7475e27f8168fc53b1d.jpg,0,0.998710036277771
datasets/dataset/train/align_z1242740642066_208967b3b3b9f2d78b3fa6d5c0a5cebc.jpg,1,0.9933732748031616
datasets/dataset/train/align_z1242892644576_1b7eafb4ba54843dd6998c6952739857.jpg,0,0.9978087544441223
datasets/dataset/train/align_z1242980011617_368a0ed6dd32c9a862ed47b9bf5c23d0.jpg,0,0.9806768894195557
datasets/dataset/train/align_z1243866981756_31aedb300fffd84af9dcd9673e0011eb.jpg,0,0.9999728202819824
datasets/dataset/train/align_z1245066660460_b383466e570d75c4365ea7a604e435ff.jpg,0,0.9970111846923828
datasets/dataset/train/align_z1247621970125_9aa90a18f0e14bba884d29c2e5756e42.jpg,0,0.9816142916679382
datasets/dataset/train/align_z1249215603451_6c00bffabe91b441759943a026e99202.jpg,0,0.999471127986908
datasets/dataset/train/align_z1252340435648_6882834b0ede38b5a591ba8fe37166e3.jpg,0,0.9999109506607056
datasets/dataset/train/align_z1252665417350_a00a2691d93fd3c6e32fe5ec7b22c85e.jpg,1,0.9988940358161926
datasets/dataset/train/align_z1253338009708_4937adcff1220df9360660bc15701813.jpg,1,0.9999574422836304
datasets/dataset/train/align_z1253409185776_0e8d4bf1ce6396dd19f02d6c02f1a263.jpg,0,0.7802870869636536
datasets/dataset/train/align_z1256347188110_944d40e7862e7f365637e44f521d6a0e.jpg,0,0.9981677532196045
datasets/dataset/train/align_z1273685994820_00b095d272a03d4a950979c3073bce63.jpg,0,0.9990296363830566
datasets/dataset/train/align_z1273686002280_7d091fc82f3f775d05079609359485c9.jpg,0,0.9992145299911499
datasets/dataset/train/align_z1278018259849_c3dfe41ed866524291a686d78db08a38.jpg,0,0.9991488456726074
datasets/dataset/train/align_z1282823212549_26322c894a5c685ead9e69f5e95026fd.jpg,0,0.9581706523895264
datasets/dataset/train/align_z1282876111912_1a89bee88e20ba6330b40d87fe888b66.jpg,0,0.9997233748435974
datasets/dataset/train/align_z1282876168607_bfe6483c4c19dc4bcfc68930eaab9c48.jpg,0,0.9999493360519409
datasets/dataset/train/align_z1291694337579_88bc25800b507a56f078ec4eac2e371b.jpg,0,0.9895175099372864
datasets/dataset/train/align_z1291694430944_fbd5379d9446d4c608ad5c2809ff5ed8.jpg,0,0.9961144924163818
datasets/dataset/train/align_z1294906172742_6f0fea2c17bda3c7a100e53529869245.jpg,0,0.9932679533958435
datasets/dataset/train/align_z1298568216168_4f8899df72f81ce6c53db21c49fce3b5.jpg,1,0.9998260140419006
datasets/dataset/train/align_z1305565730243_569219ce7372c1a1438058723f4add65.jpg,0,0.9980036616325378
datasets/dataset/train/align_z1321119918450_8f770e0378eec8de58f25248204ec3c4.jpg,0,0.9985082745552063
datasets/dataset/train/align_z1327052644448_4035c005f35960c76b1d5091e41c902d.jpg,0,0.9610669016838074
datasets/dataset/train/align_z1329489832589_2406a7982076787a8f333770059c5035.jpg,0,0.9992852807044983
datasets/dataset/train/align_z1336249042434_a5605ed8de8ecdca8d47221aaef1d0bb.jpg,0,0.999755322933197
datasets/dataset/train/align_z1337739677134_b12ca238971c780b95dbccb1b6a51ab7.jpg,0,0.9982933402061462
datasets/dataset/train/align_z1337739697130_13a63573c8a919dbd0875176f558aa0f.jpg,0,0.9947715401649475
datasets/dataset/train/align_z1340084746080_3a7530344d346077cf6ead4900360184.jpg,0,0.9992784857749939
datasets/dataset/train/align_z1340084790616_5b58810e0b9dd4d15ecd6065ae3cb4a5.jpg,0,0.999312162399292
datasets/dataset/train/align_z1344821392984_373ffdb1f517728234138e7308d0bb98.jpg,1,0.9997510313987732
datasets/dataset/train/align_z1345884711388_72e5cd4d03101ede680ba4a11f5c79b2.jpg,0,0.9991212487220764
datasets/dataset/train/align_z1348056714191_4aa21407cd83be3b2938dbb7f5d083ef.jpg,0,0.999058187007904
datasets/dataset/train/align_z1348266065277_a8890a89ab5b71104fb80170746c7e36.jpg,1,0.9999159574508667
datasets/dataset/train/align_z1351594873059_5d895f926342c9bb0cfb046bf8f2b3e5.jpg,0,0.9998496770858765
datasets/dataset/train/align_z1351800795206_007067056d4320a625410fd56e955a07.jpg,0,0.9675692915916443
datasets/dataset/train/align_z1353208548638_21270ddd0f9e1410e8d857c7fe7f97ec.jpg,0,0.996286153793335
datasets/dataset/train/align_z1356532553444_3757ac1bd4636806b88351fddf4518f0.jpg,0,0.9981849789619446
datasets/dataset/train/align_z1363581166465_5190d92675f206e3a89c650c0c6066d3.jpg,1,0.9887292385101318
datasets/dataset/train/align_z1363664382643_d124f65677a9153991a1b659e3242662.jpg,0,0.997736930847168
datasets/dataset/train/align_z1364677940789_fb2d8de91ffbc810cf982528d10c3443.jpg,1,0.9887292385101318
datasets/dataset/train/align_z1364677953199_72c7dbf311713aba49528bf68d3d58ef.jpg,1,0.9942156672477722
datasets/dataset/train/align_z1368321831584_143c751286824af38ffb851d560061e6.jpg,0,0.9997701048851013
datasets/dataset/train/align_z1372115232564_34dd155e75621280b0ece4323930e0e2.jpg,0,0.9998124241828918
datasets/dataset/train/align_z1372310343806_356cb4b67117efecb230873956c02d3b.jpg,0,0.9997990727424622
datasets/dataset/train/align_z1374601602750_70eb39c117abbf30b2dfe1865be3edd1.jpg,0,0.9974308609962463
datasets/dataset/train/align_z1378386617549_6132d1beae0bbe83b0d4b4b54b749da6.jpg,1,0.9997053742408752
datasets/dataset/train/align_z1385413192704_1cace39930c128b273ce315a28f8b044.jpg,0,0.9999046325683594
datasets/dataset/train/align_z1386697177294_1149485488507d010561755ac41b72b2.jpg,0,0.9997538924217224
datasets/dataset/train/align_z1388154494016_bb1e7990b4aa61082fa477a2b2c2195f.jpg,0,0.9999786615371704
datasets/dataset/train/align_z1394034224054_315f93235dbbed1d24096db67cf19b45.jpg,0,0.9991822838783264
datasets/dataset/train/align_z1396606547334_562cabf43be6fc4facf55461826640db.jpg,1,0.9995232820510864
datasets/dataset/train/align_z1397992563387_66ac34d780ec1fe5d916510e6ee2e98f.jpg,1,0.9680854082107544
datasets/dataset/train/align_z1403912934649_0d26c7b25fd3f4baf49b7647860dba52 (1).jpg,1,0.9934589266777039
datasets/dataset/train/align_z1403912934649_0d26c7b25fd3f4baf49b7647860dba52.jpg,1,0.9934589266777039
datasets/dataset/train/align_z1403918101730_ca6028bb9025e7aa43ac93a857f580b0.jpg,0,0.9996001124382019
datasets/dataset/train/align_z1403918448530_c5fa7c2306075df6abc8334355bab626.jpg,0,0.9769724607467651
datasets/dataset/train/align_z1403918452693_eece3f9dac4c783b348b932febc1aecc.jpg,0,0.9904728531837463
datasets/dataset/train/align_z1405690721517_cb9de7f6a6eac8224f00ef1616ce3793.jpg,1,0.994329035282135
datasets/dataset/train/align_z1406915572013_6157c12b1547e0e16ccb0262046387e2 (1).jpg,0,0.9997019171714783
datasets/dataset/train/align_z1411802917017_cb795504c99084416c0a1a3d8313b3f3.jpg,1,0.9929950833320618
datasets/dataset/train/align_z1412959968240_ffeb5265897acf6dc6042dcc4e0db92d.jpg,0,0.9917997717857361
datasets/dataset/train/align_z1439157112650_43f65272f4a2b917be6c063edc860db8.jpg,0,0.9967183470726013
datasets/dataset/train/align_z1440321696338_ba134a5da9a79ec4bcaf8fa12e3bd3e1.jpg,0,0.9972364902496338
datasets/dataset/train/align_z1441778558504_92c3c52e1ee06633ac4e83f9f30d16d2.jpg,0,0.9988939166069031
datasets/dataset/train/align_z1441778559651_eb2232921ead23919a8a81ed2fea4b41.jpg,0,0.99989914894104
datasets/dataset/train/align_z1455333618797_5644ea8cb92794e29c113ff12af4bdd3.jpg,1,0.9988313317298889
datasets/dataset/train/align_z1455519854363_5b925e1ece9b555c8adc8bca74feced0.jpg,0,0.9995445609092712
datasets/dataset/train/align_z1461155115156-da4db6ac84e61bd983e6731ac4cfc812.jpg,0,0.9991200566291809
datasets/dataset/train/align_z1461858912698_04df3f187733cbeb81723cd8246aba1f.jpg,1,0.9999852180480957
datasets/dataset/train/align_z1464395166400_903c7950ea5ec68b4a362a36d8158b99.jpg,1,0.9938344955444336
datasets/dataset/train/align_z1469509332353_89ef76ab54a756783d566fc85ed4ab38.jpg,1,0.999445378780365
datasets/dataset/train/align_z1469937470832_689c0ee94194c90ed4b85ae98a816e13.jpg,0,0.9995817542076111
datasets/dataset/train/align_z1469937472963_a43319a915a26c3c8eaf92891bec00c0.jpg,1,0.9919064044952393
datasets/dataset/train/align_z1473286363455_ba4c7220ea39337ecac162eb39ec533c.jpg,1,0.9992215633392334
datasets/dataset/train/align_z1476009464038_aba0e40c1e0b06e2c544866e54f95cf6.jpg,1,0.9997708201408386
datasets/dataset/train/align_z1476237988602_9d97b5466928ae57e39be3a703af8f0a.jpg,1,0.999527096748352
datasets/dataset/train/align_z1482769872749_69c014d6a5c04ce97a290222d67ec186.jpg,0,0.9987840056419373
datasets/dataset/train/align_z1485356570971_d30b5f7750ca1b67ca2200bdef1db704.jpg,1,0.9997114539146423
datasets/dataset/train/align_z1486794248618_895789f7ee51e477fd37e6e0688c860c.jpg,1,0.9995152950286865
datasets/dataset/train/align_z1487854893974_a2b3303a853183876945f579203546b9.jpg,0,0.9997426867485046
datasets/dataset/train/align_z1488099603183_313a1498bce64a6d566202e56821bcfd.jpg,1,0.9990705847740173
datasets/dataset/train/align_z1491895213507_e82f6e8ba648a9d6cfe8275a5269018d.jpg,0,0.9999290704727173
datasets/dataset/train/align_z1491895269575_8d099cb8d4efd9ac8e1990d8f50c6b1a.jpg,0,0.9992849230766296
datasets/dataset/train/align_z1492871423287_f1ef52346393a72ac8b7868d1c5acd7f.jpg,0,0.996698796749115
datasets/dataset/train/align_z1492871438941_b75f9ae205b431e73a84ab184841ba78.jpg,0,0.9997193217277527
datasets/dataset/train/align_z1524767108850_f61dfe3f3011a4588b214bec0dea3937.jpg,0,0.9876884818077087
datasets/dataset/train/align_z1524767112639_6b3bae21ddd3ab6239da791a4641abdd.jpg,0,0.9992696642875671
datasets/dataset/train/align_z1524767112640_2d78de738f022123bd33174056462612.jpg,0,0.9996002316474915
datasets/dataset/train/align_z1538417998396_929aff8618237008bce9f4f5b17e935c.jpg,1,0.9964578747749329
datasets/dataset/train/align_z1552049014463_c8a4174c73eb1234cba895c4f2da5f2c.jpg,1,0.9984128475189209
datasets/dataset/train/align_z1552050735250_fbfc0442c738f6912795afa1dbc4416f.jpg,1,0.9998832941055298
datasets/dataset/train/align_z1552050735251_09d5f49d88801456b8db8fedaceabb12.jpg,1,0.9879750609397888
datasets/dataset/train/align_z1580173374915_f5d55adb1b898974d383ab395cc45b32.jpg,1,0.9777714014053345
datasets/dataset/train/align_z1580669418089_c7542251e0f6d57a04e5be9cc14273b3.jpg,1,0.9981411695480347
datasets/dataset/train/align_z1580754803986_f36379a362740b1e6afc54e514ca6997.jpg,0,0.9995526671409607
datasets/dataset/train/align_z1581649465401_6cd4012ec77d9466a1eeb44cd34fbec0.jpg,0,0.9998520612716675
datasets/dataset/train/align_z1581649472429_2a37873d30b2502d64fe887ed0319350.jpg,0,0.9995177984237671
datasets/dataset/train/align_z1581860110149_b13c836633ced0bb7be39e536d7e5623.jpg,1,0.9785440564155579
datasets/dataset/train/align_z1583131929542_5d914c0daee9f46acecf623f78aeef0e.jpg,1,0.997892439365387
datasets/dataset/train/align_z1600709247802_d7b4334cd386402a45c35994b08c3b06.jpg,0,0.9949533343315125
datasets/dataset/train/align_z1600709518935_28b6a8645dae2bfcb0797c480503b4ac.jpg,0,0.998429000377655
datasets/dataset/train/align_z1600709519640_06238cd79cbeb26c8bdb272d6209db84.jpg,0,0.9998958110809326
datasets/dataset/train/align_z1604784581858_f21fe81de73fdbd560c83950ec6dae46.jpg,0,0.9994521737098694
datasets/dataset/train/align_z1616652892624_a59765296027f0d6bf630b4a7fef7bbe.jpg,0,0.9998170733451843
datasets/dataset/train/align_z1616663925682_a80234835dc1a1c5468945921227e706.jpg,1,0.9988952279090881
datasets/dataset/train/align_z1616663931647_2f575e12ddd9cc8ea6d6edb3f42f39ab.jpg,1,0.9975894689559937
datasets/dataset/train/align_z1619530085327_6f3c5578a4e9306c55884f557291f113.jpg,0,0.9994589686393738
datasets/dataset/train/align_z1627696333902_2f0af74cf803b87c79846010374a01e2.jpg,1,0.9995508790016174
datasets/dataset/train/align_z1628849353140_8935f2fbc241658660661f06011d42ed.jpg,0,0.99986732006073
datasets/dataset/train/align_z1628849363539_c7d6a8f98805f50ba595db46724c7193.jpg,0,0.8322928547859192
datasets/dataset/train/align_z1630340277645_37ef1b75e74f6fbd9e62a8b12798c423.jpg,0,0.9975270628929138
datasets/dataset/train/align_z1630340285218_07e04f0898fd20ba209371360f075c3e.jpg,0,0.9984409213066101
datasets/dataset/train/align_z1630655832901_937ee7cfbdade78188b170e6fc74efbe.jpg,0,0.9995511174201965
datasets/dataset/train/align_z1635506072970_3601dfe3d9805d878c7983ffc7f81475.jpg,0,0.9992856383323669
datasets/dataset/train/align_z1653987501689_29f4b40d205f28a669d19efe4438f83e.jpg,1,0.9957627654075623
datasets/dataset/train/align_z1654063213993_7cd9f32f6872990346a9798f662f7aca.jpg,0,0.9985985159873962
datasets/dataset/train/align_z1669853767780_23c70680aaea288796bf3452b0f9a860.jpg,1,0.9998267292976379
datasets/dataset/train/align_z1671521372381_b929167abd94c51c8525c406844dcf64.jpg,1,0.9977495074272156
datasets/dataset/train/align_z1676044826629_abaf2d4af45fd900ccd0cb6f42d9ebf8.jpg,0,0.9989446997642517
datasets/dataset/train/align_z1676044907189_a055a440c3981552ab91beedd1d6a6eb.jpg,0,0.9863231182098389
datasets/dataset/train/align_z1679468273050_512dec2c1ac386f5d35777499f5a7b70.jpg,0,0.9840170741081238
datasets/dataset/train/align_z1683935823895_f25387cd377fafbedb134cf428e1db83.jpg,0,0.9993023872375488
datasets/dataset/train/align_z1683935824144_44222c883c7013b9da644d656e2a8ca4.jpg,0,0.9993389248847961
datasets/dataset/train/align_z1689180496170_6a0af74a00a498ade69bc4cdecece74c.jpg,0,0.9994224309921265
datasets/dataset/train/align_z1700976556537_ce65346e0d3f7deae61381e13d25a69d.jpg,0,0.9984127283096313
datasets/dataset/train/align_z1702211293317_2599649dd6e7c1a7b9c3d7ed418d18c7.jpg,1,0.9981082677841187
datasets/dataset/train/align_z1702590372828_8f87eccc10da60d7ea9b315e7bbcca3f.jpg,0,0.9984464049339294
datasets/dataset/train/align_z1726356312788_be01c15299b7eb834e2a0f200f32e205.jpg,1,0.9997667670249939
datasets/dataset/train/align_z1745661785862_662e993909f8f92c8999eeed6da0635f.jpg,1,0.999474823474884
datasets/dataset/train/align_z1748002039378_33a62524c0a6743db035fd2d6479b725.jpg,0,0.9997963309288025
datasets/dataset/train/align_z1759779649132_4daeb340ad1bae349f5b25844b788290.jpg,1,0.9987533092498779
datasets/dataset/train/align_z1765437720727_26cc07d22c488263d49ba9020ae78685.jpg,1,0.9996771812438965
datasets/dataset/train/align_z1765492772120_64c7586bd26619414eaa944597284371.jpg,1,0.9998069405555725
datasets/dataset/train/align_z1766043104163_a0988774387eba88ca76cea3bcecf123.jpg,1,0.9995284080505371
datasets/dataset/train/align_z1766494637429_958840407608c19d8db29ea4280c36f7.jpg,1,0.9977728724479675
datasets/dataset/train/align_z1766551506848_c06c23fc243d58e5e8a6e939c806ce85.jpg,1,0.9995284080505371
datasets/dataset/train/align_z1766698443767_09eb72a0eac35509da261ff56c63f592.jpg,1,0.9992082715034485
datasets/dataset/train/align_z1773176909332_691586eb173120008aa072e43e1e9707.jpg,0,0.9996922016143799
datasets/dataset/train/align_z1774024499796_93b9b0bb96a77137ad4184d609b41a27.jpg,0,0.9985960125923157
datasets/dataset/train/align_z1775701386670_5895d647066da096857abe3d42c59943.jpg,1,0.9998860359191895
datasets/dataset/train/align_z1775787706334_418e3a074e7307ef5f32f803c7908bdb.jpg,0,0.9999123811721802
datasets/dataset/train/align_z1775840346997_0a093fd4a27b1534cd55329389c6326b.jpg,0,0.9972224235534668
datasets/dataset/train/align_z1776228890624_11ca1ae154a498afea6dd7f844467723.jpg,0,0.9999523162841797
datasets/dataset/train/align_z1777724235631_5b314ef5fa04115953475d23bff1bd38.jpg,1,0.9977321624755859
datasets/dataset/train/align_z1801004628635_08f49e22e6749198db709e66c173fde3.jpg,1,0.9995179176330566
datasets/dataset/train/align_z1847636614077_93cb95fa41cf99bcf7d5dc1ff0e49e10.jpg,1,0.996852695941925
datasets/dataset/train/align_z1847636614310_4aa677eb82a060e46d98e45107192b70.jpg,1,0.9984625577926636
datasets/dataset/train/align_z1851771949981_1484fb6ea1e2643d00a4d5755d158e18.jpg,1,0.9995957016944885
datasets/dataset/train/align_z1870925535340_4019eb65e55f1aeb25bc8fba323a00e6.jpg,1,0.9997703433036804
datasets/dataset/train/align_z1870925536657_47d6922f03842ec2bbe703d7ebd57f58.jpg,1,0.9998313188552856
datasets/dataset/train/align_z1895200951212_6bf3d93d7f174a518007c17396109a66.jpg,1,0.9996731281280518
datasets/dataset/train/align_z1967686557436_d0bd5c858eca9751f4bf64100b2cba65.jpg,0,0.9996684789657593
datasets/dataset/train/align_z1982889299189_a8f2f0a9539b0d080b439616c3168339.jpg,1,0.9957712292671204
datasets/dataset/train/align_z1984771579714_81c3d993bbf5237019d70ab882a998a4.jpg,1,0.9999257326126099
datasets/dataset/train/align_z2057080496070_4df16ccd473ca6799d2f9c91c493a65b.jpg,1,0.9972841739654541
datasets/dataset/train/align_z3865869015937-ef84c5ef65a54d41fd5cedaeccfe036e.jpg,0,0.9999834299087524
datasets/dataset/train/align_z4372615091036-f130c0d3fd9a7ee494c5deff3c597973.jpg,0,0.9999955892562866
datasets/dataset/train/align_z4787274117343-4f8e47a0659e977cc684b043d97a475e.jpg,0,0.9998756647109985
datasets/dataset/train/align_z4857229098534-d434f37c43b69fbd667c9249893dedf7.jpg,0,0.9996933937072754
datasets/dataset/train/align_z531576094221_f558e459d066f380b3f8becbbcf25744.jpg,1,0.9989099502563477
datasets/dataset/train/align_z531576104889_aa038d73f3058306f1f21e6c7458969d.jpg,1,0.998559296131134
datasets/dataset/train/align_z533433226394_d6e83e130dbdf7331ce1a15c027d76eb.jpg,0,0.9983741044998169
datasets/dataset/train/align_z533433368402_6a6635e5f1c41066d96cab033be20e30.jpg,1,0.9994561076164246
datasets/dataset/train/align_z551974156020_a34ad4acba39d3613f714f0f15a7eb56.jpg,1,0.9973630309104919
datasets/dataset/train/align_z552200401856_323cd5dbec6dcb001d964effc4c5c7b0.jpg,1,0.998261034488678
datasets/dataset/train/align_z591812799571_3891cf7964e69ab1ca2a158aa6857abb.jpg,0,0.9267392158508301
datasets/dataset/train/align_z591812801684_acf06dd7cb7a219b9847c7edd3bb99d9.jpg,0,0.988614559173584
datasets/dataset/train/align_z602415260437_fb1ccc73ed5e91ed8b2de3296d6dfe3d.jpg,1,0.9840248227119446
datasets/dataset/train/align_z614276898508_74e0239de89e02cf13bb8e5bd1354977.jpg,0,0.9995902180671692
datasets/dataset/train/align_z632826322122_22f2a469371bfe56e52603f489c53a1c.jpg,1,0.9932034015655518
datasets/dataset/train/align_z657525001123_82d00ddc19d0d5e7d10c18155f1dee94.jpg,1,0.9998441934585571
datasets/dataset/train/align_z663570561329_42dabaa4c3587d0d17c90e8d9c3876c0.jpg,0,0.9941422343254089
datasets/dataset/train/align_z663571854509_adf9c237124dbaa780affd12b2b3433b.jpg,1,0.999040424823761
datasets/dataset/train/align_z668123835425_9c782ea862a4ec88e790b8f6a7fb59f3.jpg,1,0.9979352951049805
datasets/dataset/train/align_z669772171001_79ba8ca311e5c025b0ccc34010c3e67c.jpg,1,0.9996970891952515
datasets/dataset/train/align_z685478199599_8e05cac68f4295031c72723c7509b939.jpg,1,0.9988258481025696
datasets/dataset/train/align_z685478204282_8d3126110d8aae3f468941d98215ac2c.jpg,1,0.9983464479446411
datasets/dataset/train/align_z687273738562_107d5d6f228bd57a13c5cd1246154308.jpg,1,0.9984983205795288
datasets/dataset/train/align_z694267188598_5fc099273a2cecf6732829e54291b138.jpg,1,0.9977899789810181
datasets/dataset/train/align_z698586618138_17e002b5127ef4ac7415f7aad510de48.jpg,0,0.9962241649627686
datasets/dataset/train/align_z703781042076_e9f59eaa166db8a84deaff780cf63cf0.jpg,0,0.9997567534446716
datasets/dataset/train/align_z703781055835_62802590605fa55cda11efb1cead5b3b.jpg,0,0.9926024079322815
datasets/dataset/train/align_z703781155444_ff442154d74d81736d5c51bf3174c06c.jpg,0,0.9960415363311768
datasets/dataset/train/align_z736781355964_e4165515dc92a382ffdc100f1cdd2431.jpg,0,0.9998873472213745
datasets/dataset/train/align_z736782173284_65854cec0b3b59a26df36c4fa8f09e51.jpg,0,0.9994688630104065
datasets/dataset/train/align_z770788270512_1d83d3143309bf89d74b10abf2d5bdf4.jpg,1,0.9999850988388062
datasets/dataset/train/align_z776026930668_fa617afd87197417894e8c679e5e5d62.jpg,1,0.9997991919517517
datasets/dataset/train/align_z782380696570_07ed9dea7147890758c3e2054d2a9538.jpg,1,0.9989185333251953
datasets/dataset/train/align_z792241872071_3e117eb929822baa5913d6490d133dbe.jpg,0,0.9992160797119141
datasets/dataset/train/align_z792241892678_8859f0f1985443c1f620736bb1038084.jpg,0,0.9991053938865662
datasets/dataset/train/align_z792241898017_17096af7a998839154628d170afa42a0.jpg,0,0.9999159574508667
datasets/dataset/train/align_z800861086429_5b0facbd048f34f093ee88fe1de37a4f.jpg,1,0.9992570281028748
datasets/dataset/train/align_z983404422188-f956e3da39a64dfcb93c2d2088b4c2d5.jpg,0,0.9996418952941895
datasets/dataset/train/align_z985105308943-61aa663682d3863276ad730e8f473818.jpg,0,0.9996289014816284
datasets/dataset/train/align_с║вnh ─Р─Гng k├╜ xe.jpg,0,0.9997488856315613
datasets/dataset/train/aligned_1 (1).jpg,0,0.9914178848266602
datasets/dataset/train/aligned_1 (3).jpg,0,0.9961114525794983
datasets/dataset/train/aligned_1468486734316_11241.jpg,1,0.9993595480918884
datasets/dataset/train/aligned_1468932580342_13072.jpg,0,0.9972043633460999
datasets/dataset/train/aligned_1469429139191_14202.jpg,0,0.9971745014190674
datasets/dataset/train/aligned_1470037224635_15944.jpg,0,0.9997708201408386
datasets/dataset/train/aligned_1470210967795_16203.jpg,1,0.9995119571685791
datasets/dataset/train/aligned_1470295180256_16539.jpg,0,0.9996964931488037
datasets/dataset/train/aligned_1473152626281_23391.jpg,1,0.9861122965812683
datasets/dataset/train/aligned_1473843140274_26387.jpg,1,0.9988440275192261
datasets/dataset/train/aligned_1476340158031_33496.jpg,0,0.9984061121940613
datasets/dataset/train/aligned_1476700192490_34249.jpg,1,0.9995703101158142
datasets/dataset/train/aligned_1476781066164_34416.jpg,1,0.9991973042488098
datasets/dataset/train/aligned_1479125511611_39662.jpg,1,0.9896054267883301
datasets/dataset/train/aligned_1479125948362_39677.jpg,1,0.9926286935806274
datasets/dataset/train/aligned_1608205454158.jpg,1,0.9964727759361267
datasets/dataset/train/aligned_1613717080545.jpg,1,0.9945365190505981
datasets/dataset/train/aligned_1615598943287.jpg,0,0.9831866025924683
datasets/dataset/train/aligned_1618633260691.jpg,0,0.9991920590400696
datasets/dataset/train/aligned_1619623948385.jpg,0,0.9909171462059021
datasets/dataset/train/aligned_1620460846162.jpg,1,0.9993778467178345
datasets/dataset/train/aligned_1620728817900.jpg,1,0.9983311295509338
datasets/dataset/train/aligned_1642559055721.jpg,0,0.9980280995368958
datasets/dataset/train/aligned_1644206328927.jpg,0,0.9955703616142273
datasets/dataset/train/aligned_1644290580234.jpg,0,0.9912543892860413
datasets/dataset/train/aligned_1644805470465.jpg,0,0.9997493624687195
datasets/dataset/train/aligned_1644807455733.jpg,0,0.9995796084403992
datasets/dataset/train/aligned_1644892860584.jpg,0,0.9998533725738525
datasets/dataset/train/aligned_1644975587670.jpg,1,0.9901524186134338
datasets/dataset/train/aligned_1645067298199.jpg,0,0.9998964071273804
datasets/dataset/train/aligned_1645405493708.jpg,0,0.9988576173782349
datasets/dataset/train/aligned_1645682772493.jpg,0,0.9999675750732422
datasets/dataset/train/aligned_1646015969267.jpg,0,0.9990770816802979
datasets/dataset/train/aligned_1646965636900.jpg,1,0.9812263250350952
datasets/dataset/train/aligned_1647226119912.jpg,1,0.9976601600646973
datasets/dataset/train/aligned_1647232165472.jpg,0,0.795074462890625
datasets/dataset/train/aligned_1647397520071.jpg,0,0.9965202808380127
datasets/dataset/train/aligned_1647487773329.jpg,1,0.9966153502464294
datasets/dataset/train/aligned_1647492072750.jpg,0,0.9994675517082214
datasets/dataset/train/aligned_1647849429918.jpg,1,0.9995391368865967
datasets/dataset/train/aligned_1647860953969.jpg,0,0.9999270439147949
datasets/dataset/train/aligned_1647922139773.jpg,1,0.9991158843040466
datasets/dataset/train/aligned_1648000986355.jpg,1,0.9940425753593445
datasets/dataset/train/aligned_1648001684789.jpg,1,0.999439537525177
datasets/dataset/train/aligned_1648004210914.jpg,0,0.9995325803756714
datasets/dataset/train/aligned_1648177580933.jpg,1,0.9996405839920044
datasets/dataset/train/aligned_1648780187646.jpg,0,0.9996809959411621
datasets/dataset/train/aligned_1648783907672.jpg,0,0.99676114320755
datasets/dataset/train/aligned_1649041283086.jpg,0,0.9999089241027832
datasets/dataset/train/aligned_1650506787796.jpg,1,0.9988258481025696
datasets/dataset/train/aligned_20160608_091936.jpg,1,0.9952865839004517
datasets/dataset/train/aligned_20160614_090727.jpg,0,0.9741708040237427
datasets/dataset/train/aligned_20160614_122706.jpg,0,0.9994072914123535
datasets/dataset/train/aligned_20160617_154221.jpg,0,0.9990371465682983
datasets/dataset/train/aligned_20160704_085056.jpg,1,0.9989626407623291
datasets/dataset/train/aligned_20160704_102649.jpg,0,0.9961328506469727
datasets/dataset/train/aligned_20160704_124404.jpg,0,0.973512589931488
datasets/dataset/train/aligned_20160706_081158.jpg,0,0.9988172054290771
datasets/dataset/train/aligned_20160706_105342.jpg,0,0.9924241304397583
datasets/dataset/train/aligned_20160707_093133.jpg,0,0.9896177649497986
datasets/dataset/train/aligned_20160711_080528.jpg,1,0.9996271133422852
datasets/dataset/train/aligned_20160711_082305.jpg,0,0.9970360994338989
datasets/dataset/train/aligned_20160711_090038.jpg,0,0.9994626641273499
datasets/dataset/train/aligned_20160712_090301.jpg,1,0.9997798800468445
datasets/dataset/train/aligned_20160712_090316.jpg,1,0.9994609951972961
datasets/dataset/train/aligned_20160801_104224.jpg,1,0.9977512955665588
datasets/dataset/train/aligned_20160809_145140.jpg,0,0.998969316482544
datasets/dataset/train/aligned_20160818_080650.jpg,1,0.9745229482650757
datasets/dataset/train/aligned_20160818_084737.jpg,1,0.9764963984489441
datasets/dataset/train/aligned_20160825_081618.jpg,0,0.99530029296875
datasets/dataset/train/aligned_20160825_122308.jpg,0,0.9854423999786377
datasets/dataset/train/aligned_20160826_100433.jpg,0,0.9898883700370789
datasets/dataset/train/aligned_20160829_084700.jpg,1,0.99983811378479
datasets/dataset/train/aligned_20160905_090157.jpg,0,0.6574853658676147
datasets/dataset/train/aligned_20160905_100815.jpg,1,0.9973191618919373
datasets/dataset/train/aligned_20160907_083832.jpg,1,0.9998961687088013
datasets/dataset/train/aligned_20160912_083248.jpg,0,0.9889253973960876
datasets/dataset/train/aligned_20160914_091110.jpg,1,0.9980049729347229
datasets/dataset/train/aligned_20160915_102202.jpg,0,0.9259083271026611
datasets/dataset/train/aligned_20160916_105118.jpg,0,0.9903814196586609
datasets/dataset/train/aligned_20160919_081559.jpg,1,0.9990718364715576
datasets/dataset/train/aligned_20160920_094454.jpg,1,0.9807707667350769
datasets/dataset/train/aligned_20160921_110302.jpg,1,0.976172685623169
datasets/dataset/train/aligned_20160923_092026.jpg,0,0.9867159128189087
datasets/dataset/train/aligned_20160929_102006.jpg,1,0.9996671676635742
datasets/dataset/train/aligned_20161003_091450.jpg,1,0.9933653473854065
datasets/dataset/train/aligned_20161007_085513.jpg,0,0.6314233541488647
datasets/dataset/train/aligned_20161007_093721.jpg,1,0.9997565150260925
datasets/dataset/train/aligned_20161013_081445.jpg,1,0.9991094470024109
datasets/dataset/train/aligned_20161017_091123.jpg,0,0.9992426633834839
datasets/dataset/train/aligned_20161021_090742.jpg,0,0.9909142255783081
datasets/dataset/train/aligned_20161021_092105.jpg,0,0.9454776644706726
datasets/dataset/train/aligned_20161024_154453.jpg,1,0.9998762607574463
datasets/dataset/train/aligned_20161025_092944.jpg,1,0.9997608065605164
datasets/dataset/train/aligned_20161026_110157.jpg,1,0.9985846281051636
datasets/dataset/train/aligned_20161114_124402.jpg,0,0.9135607481002808
datasets/dataset/train/aligned_20161130_144824.jpg,1,0.9994491934776306
datasets/dataset/train/aligned_20161203_083858.jpg,0,0.9992204904556274
datasets/dataset/train/aligned_20161205_095419.jpg,0,0.999510645866394
datasets/dataset/train/aligned_20161205_112108.jpg,0,0.9858129620552063
datasets/dataset/train/aligned_20161207_095539.jpg,0,0.9731245636940002
datasets/dataset/train/aligned_20161212_084652.jpg,1,0.9510527849197388
datasets/dataset/train/aligned_20161219_085624.jpg,0,0.999667763710022
datasets/dataset/train/aligned_20161220_091227.jpg,1,0.9993641972541809
datasets/dataset/train/aligned_20161220_091251.jpg,1,0.9999657869338989
datasets/dataset/train/aligned_20161220_095321.jpg,0,0.9969602227210999
datasets/dataset/train/aligned_20161221_114240.jpg,0,0.999932050704956
datasets/dataset/train/aligned_20161222_084318.jpg,1,0.9958492517471313
datasets/dataset/train/aligned_20161222_200822.jpg,0,0.9987068176269531
datasets/dataset/train/aligned_20161223_092009.jpg,0,0.9973773956298828
datasets/dataset/train/aligned_20161227_092025.jpg,1,0.9978475570678711
datasets/dataset/train/aligned_20170106_101915.jpg,0,0.9988800883293152
datasets/dataset/train/aligned_20170112_155251.jpg,0,0.9994292855262756
datasets/dataset/train/aligned_20170114_095418.jpg,1,0.9940738081932068
datasets/dataset/train/aligned_20170116_112015.jpg,1,0.9997709393501282
datasets/dataset/train/aligned_20170202_130831.jpg,1,0.9952701926231384
datasets/dataset/train/aligned_20170203_101133.jpg,0,0.9941746592521667
datasets/dataset/train/aligned_20170206_080725.jpg,1,0.9973287582397461
datasets/dataset/train/aligned_20170206_090050.jpg,0,0.8919803500175476
datasets/dataset/train/aligned_20170209_080633.jpg,1,0.999744713306427
datasets/dataset/train/aligned_20170209_104405.jpg,1,0.9715149402618408
datasets/dataset/train/aligned_20170213_081413.jpg,1,0.9990253448486328
datasets/dataset/train/aligned_20170213_083258.jpg,1,0.9997147917747498
datasets/dataset/train/aligned_20170213_090218.jpg,1,0.9997074007987976
datasets/dataset/train/aligned_20170213_095755.jpg,1,0.999858021736145
datasets/dataset/train/aligned_20170214_080656.jpg,1,0.9998804330825806
datasets/dataset/train/aligned_20170214_084338.jpg,0,0.9905433058738708
datasets/dataset/train/aligned_20170214_105948.jpg,1,0.9980694651603699
datasets/dataset/train/aligned_20170214_125559.jpg,0,0.9954126477241516
datasets/dataset/train/aligned_20170308_105001.jpg,1,0.9810630679130554
datasets/dataset/train/aligned_20170308_110140.jpg,1,0.9981656670570374
datasets/dataset/train/aligned_20170320_082044.jpg,1,0.9997144341468811
datasets/dataset/train/aligned_20170320_082513.jpg,0,0.9988081455230713
datasets/dataset/train/aligned_20170324_160945.jpg,1,0.9996362924575806
datasets/dataset/train/aligned_20170324_161544.jpg,1,0.9983092546463013
datasets/dataset/train/aligned_20170327_083554.jpg,1,0.9997960925102234
datasets/dataset/train/aligned_20170327_083601.jpg,1,0.9996203184127808
datasets/dataset/train/aligned_20170328_052247.jpg,1,0.9946284890174866
datasets/dataset/train/aligned_20170328_080335.jpg,1,0.9999752044677734
datasets/dataset/train/aligned_20170328_083913.jpg,1,0.9995943903923035
datasets/dataset/train/aligned_20170331_151241.jpg,1,0.9997432827949524
datasets/dataset/train/aligned_20170403_120847.jpg,0,0.9993164539337158
datasets/dataset/train/aligned_20170407_081313.jpg,0,0.9952764511108398
datasets/dataset/train/aligned_20170412_102646.jpg,1,0.9972066283226013
datasets/dataset/train/aligned_20170412_102654.jpg,1,0.9996622800827026
datasets/dataset/train/aligned_20170412_153815.jpg,1,0.9993332028388977
datasets/dataset/train/aligned_20170413_094106.jpg,1,0.997914731502533
datasets/dataset/train/aligned_20170413_164248.jpg,1,0.9993941783905029
datasets/dataset/train/aligned_20170417_084714.jpg,1,0.9999196529388428
datasets/dataset/train/aligned_20170417_180351.jpg,1,0.9990490078926086
datasets/dataset/train/aligned_20170417_182203.jpg,1,0.9991512298583984
datasets/dataset/train/aligned_20170418_060907.jpg,1,0.9944854378700256
datasets/dataset/train/aligned_20170418_150044.jpg,1,0.9989463686943054
datasets/dataset/train/aligned_20170421_083530.jpg,0,0.9999529123306274
datasets/dataset/train/aligned_20170426_092801.jpg,0,0.9998906850814819
datasets/dataset/train/aligned_20170503_082241.jpg,0,0.9999723434448242
datasets/dataset/train/aligned_20170506_094202.jpg,1,0.9984573125839233
datasets/dataset/train/aligned_20170511_112409.jpg,1,0.9995249509811401
datasets/dataset/train/aligned_20170516_110640.jpg,1,0.9672959446907043
datasets/dataset/train/aligned_20170522_080318.jpg,1,0.9986971020698547
datasets/dataset/train/aligned_20170526_142618.jpg,0,0.9049147963523865
datasets/dataset/train/aligned_20170605_100824.jpg,1,0.9995984435081482
datasets/dataset/train/aligned_20170605_101107.jpg,1,0.9992891550064087
datasets/dataset/train/aligned_20170613_082738.jpg,1,0.9977765679359436
datasets/dataset/train/aligned_20170614_083015.jpg,1,0.999609649181366
datasets/dataset/train/aligned_20170615_102640.jpg,1,0.9989732503890991
datasets/dataset/train/aligned_20170615_111054.jpg,1,0.9995636343955994
datasets/dataset/train/aligned_20170619_085724.jpg,1,0.9995734095573425
datasets/dataset/train/aligned_20170620_080447.jpg,0,0.9944463968276978
datasets/dataset/train/aligned_20170620_105253.jpg,1,0.9991970658302307
datasets/dataset/train/aligned_20170620_151100.jpg,1,0.9992915391921997
datasets/dataset/train/aligned_20170621_100127.jpg,1,0.9925367832183838
datasets/dataset/train/aligned_20170621_102331.jpg,1,0.9986162185668945
datasets/dataset/train/aligned_20170621_133553.jpg,1,0.9969620108604431
datasets/dataset/train/aligned_20170622_110210.jpg,1,0.9977905750274658
datasets/dataset/train/aligned_20170626_081014.jpg,0,0.9998026490211487
datasets/dataset/train/aligned_20170627_092339.jpg,0,0.996677041053772
datasets/dataset/train/aligned_20170627_153150.jpg,1,0.9958775043487549
datasets/dataset/train/aligned_20170628_134250.jpg,1,0.9965116381645203
datasets/dataset/train/aligned_20170630_141149.jpg,1,0.9998660087585449
datasets/dataset/train/aligned_20170703_133558.jpg,1,0.9993334412574768
datasets/dataset/train/aligned_20170704_151859.jpg,1,0.99826979637146
datasets/dataset/train/aligned_20170705_125610.jpg,1,0.9989004135131836
datasets/dataset/train/aligned_20170705_125616.jpg,1,0.9990574717521667
datasets/dataset/train/aligned_20170706_162248.jpg,1,0.9981695413589478
datasets/dataset/train/aligned_20170710_082133.jpg,1,0.9950873255729675
datasets/dataset/train/aligned_20170711_101627.jpg,1,0.9993701577186584
datasets/dataset/train/aligned_20170717_105354.jpg,1,0.9998751878738403
datasets/dataset/train/aligned_20170717_105620.jpg,1,0.995728075504303
datasets/dataset/train/aligned_20170717_111656.jpg,1,0.9998233914375305
datasets/dataset/train/aligned_20170718_154208.jpg,1,0.9994308352470398
datasets/dataset/train/aligned_20170718_154220.jpg,1,0.9986321330070496
datasets/dataset/train/aligned_20170718_160708.jpg,0,0.9998051524162292
datasets/dataset/train/aligned_20170720_083932.jpg,1,0.9200251698493958
datasets/dataset/train/aligned_20170720_083941.jpg,1,0.998511016368866
datasets/dataset/train/aligned_20170724_080539.jpg,1,0.9994256496429443
datasets/dataset/train/aligned_20170727_220258.jpg,1,0.9980831146240234
datasets/dataset/train/aligned_20170801_095347.jpg,1,0.9980297684669495
datasets/dataset/train/aligned_20170804_110118.jpg,0,0.9954557418823242
datasets/dataset/train/aligned_20170807_075834.jpg,0,0.9999630451202393
datasets/dataset/train/aligned_20170811_152440.jpg,0,0.9842522740364075
datasets/dataset/train/aligned_20170818_102324.jpg,0,0.9988840222358704
datasets/dataset/train/aligned_20170819_064838.jpg,0,0.977955162525177
datasets/dataset/train/aligned_20170925_104934.jpg,1,0.9998469352722168
datasets/dataset/train/aligned_20170929_094422.jpg,1,0.9973727464675903
datasets/dataset/train/aligned_20171005_111855.jpg,1,0.9833690524101257
datasets/dataset/train/aligned_20171013_223331.jpg,1,0.9992546439170837
datasets/dataset/train/aligned_20180115_104800.jpg,1,0.9994358420372009
datasets/dataset/train/aligned_20180115_112556.jpg,1,0.9991552829742432
datasets/dataset/train/aligned_20180117_084759.jpg,0,0.9980587363243103
datasets/dataset/train/aligned_20180118_081920.jpg,0,0.9996448755264282
datasets/dataset/train/aligned_20180119_085727.jpg,1,0.9987510442733765
datasets/dataset/train/aligned_20180119_095420.jpg,0,0.9993293285369873
datasets/dataset/train/aligned_20180120_084307.jpg,0,0.99989914894104
datasets/dataset/train/aligned_20180122_093730.jpg,0,0.9991137385368347
datasets/dataset/train/aligned_20180123_094000.jpg,1,0.9961605072021484
datasets/dataset/train/aligned_20180124_091944.jpg,0,0.9991475343704224
datasets/dataset/train/aligned_20180125_082539.jpg,0,0.987586498260498
datasets/dataset/train/aligned_20180125_085807.jpg,0,0.9999368190765381
datasets/dataset/train/aligned_20180125_092455.jpg,0,0.9996320009231567
datasets/dataset/train/aligned_20180131_095823.jpg,0,0.9996542930603027
datasets/dataset/train/aligned_20180131_100722.jpg,0,0.9982775449752808
datasets/dataset/train/aligned_20180817_093256.jpg,0,0.9611947536468506
datasets/dataset/train/aligned_20180820_083047.jpg,1,0.9850125312805176
datasets/dataset/train/aligned_20180821_093808.jpg,0,0.9990704655647278
datasets/dataset/train/aligned_20180827_080206.jpg,0,0.9886400699615479
datasets/dataset/train/aligned_20180827_080438.jpg,0,0.9997414946556091
datasets/dataset/train/aligned_20180828_085510.jpg,0,0.9229843616485596
datasets/dataset/train/aligned_20180828_095221.jpg,1,0.9985018968582153
datasets/dataset/train/aligned_20180829_112429.jpg,1,0.999309778213501
datasets/dataset/train/aligned_20180904_085008.jpg,0,0.9988046884536743
datasets/dataset/train/aligned_20180905_082219.jpg,0,0.9956606030464172
datasets/dataset/train/aligned_20180907_105627.jpg,0,0.9995094537734985
datasets/dataset/train/aligned_20180911_160857(0).jpg,0,0.9995061159133911
datasets/dataset/train/aligned_20180913_100023.jpg,1,0.9993686079978943
datasets/dataset/train/aligned_20180917_094900.jpg,0,0.963931143283844
datasets/dataset/train/aligned_20180918_085655.jpg,0,0.9991900324821472
datasets/dataset/train/aligned_20180918_100603.jpg,1,0.999721109867096
datasets/dataset/train/aligned_20180920_085324.jpg,0,0.9969285130500793
datasets/dataset/train/aligned_20180924_115142.jpg,1,0.9997608065605164
datasets/dataset/train/aligned_20180927_094221.jpg,0,0.5299610495567322
datasets/dataset/train/aligned_20181012_082124.jpg,0,0.9970920085906982
datasets/dataset/train/aligned_20181017_110304.jpg,0,0.9993658661842346
datasets/dataset/train/aligned_20181017_112937.jpg,1,0.9961931705474854
datasets/dataset/train/aligned_20181022_082523.jpg,0,0.9992707371711731
datasets/dataset/train/aligned_20181022_110319.jpg,0,0.9995392560958862
datasets/dataset/train/aligned_20181025_085935.jpg,1,0.9995655417442322
datasets/dataset/train/aligned_20211119_150915.jpg,0,0.9955126643180847
datasets/dataset/train/aligned_20211125_085121.jpg,0,0.9977062940597534
datasets/dataset/train/aligned_20211125_090638.jpg,0,0.9995725750923157
datasets/dataset/train/aligned_20211129_171041.jpg,0,0.999866247177124
datasets/dataset/train/aligned_20211201_091827.jpg,1,0.9340049028396606
datasets/dataset/train/aligned_20211202_142530.jpg,1,0.9992446899414062
datasets/dataset/train/aligned_20211206_092444.jpg,0,0.9981451034545898
datasets/dataset/train/aligned_20211214_091232.jpg,0,0.9998589754104614
datasets/dataset/train/aligned_20211214_094138.jpg,1,0.9891507625579834
datasets/dataset/train/aligned_20211215_090817.jpg,0,0.9983783960342407
datasets/dataset/train/aligned_20211217_095713.jpg,0,0.9995273351669312
datasets/dataset/train/aligned_20211222_102544.jpg,1,0.9988675117492676
datasets/dataset/train/aligned_20211224_090207.jpg,1,0.6653405427932739
datasets/dataset/train/aligned_20211227_093936.jpg,0,0.9999485015869141
datasets/dataset/train/aligned_20220104_093926.jpg,1,0.9649622440338135
datasets/dataset/train/aligned_20220104_095736.jpg,1,0.999599277973175
datasets/dataset/train/aligned_20220104_112556.jpg,1,0.9994614720344543
datasets/dataset/train/aligned_20220107_090442.jpg,1,0.9989351630210876
datasets/dataset/train/aligned_20220110_080447.jpg,1,0.9995077848434448
datasets/dataset/train/aligned_20220111_093952.jpg,1,0.5125904679298401
datasets/dataset/train/aligned_20220111_103212.jpg,0,0.9999649524688721
datasets/dataset/train/aligned_20220111_155951.jpg,0,0.9999620914459229
datasets/dataset/train/aligned_DANG KY (2).jpg,0,0.9990584254264832
datasets/dataset/train/aligned_GTX (9).jpg,0,0.9996325969696045
datasets/dataset/train/aligned_IMG_0001.jpg,0,0.9998764991760254
datasets/dataset/train/aligned_IMG_0093.jpg,1,0.9798009395599365
datasets/dataset/train/aligned_IMG_0114.jpg,0,0.9997820258140564
datasets/dataset/train/aligned_IMG_02072016_125453.jpg,1,0.9450893998146057
datasets/dataset/train/aligned_IMG_0259 (2).jpg,0,0.9957048296928406
datasets/dataset/train/aligned_IMG_0347 (2).jpg,1,0.9967684745788574
datasets/dataset/train/aligned_IMG_0348.jpg,1,0.9977032542228699
datasets/dataset/train/aligned_IMG_0362.jpg,1,0.9986479878425598
datasets/dataset/train/aligned_IMG_0370.jpg,0,0.9977284073829651
datasets/dataset/train/aligned_IMG_0431.jpg,0,0.9998366832733154
datasets/dataset/train/aligned_IMG_0472.jpg,0,0.9927615523338318
datasets/dataset/train/aligned_IMG_0553.jpg,0,0.9971278309822083
datasets/dataset/train/aligned_IMG_0630.jpg,1,0.9997556805610657
datasets/dataset/train/aligned_IMG_0638.jpg,0,0.9990567564964294
datasets/dataset/train/aligned_IMG_0962 (2).jpg,1,0.9981138706207275
datasets/dataset/train/aligned_IMG_1027 (2).jpg,0,0.9463863968849182
datasets/dataset/train/aligned_IMG_1067.jpg,0,0.9990174770355225
datasets/dataset/train/aligned_IMG_1160.jpg,0,0.9901565313339233
datasets/dataset/train/aligned_IMG_1243.jpg,0,0.9999052286148071
datasets/dataset/train/aligned_IMG_1419.jpg,0,0.9993295669555664
datasets/dataset/train/aligned_IMG_1513.jpg,0,0.9998483657836914
datasets/dataset/train/aligned_IMG_1600.jpg,0,0.9992913007736206
datasets/dataset/train/aligned_IMG_1811.jpg,0,0.9977337121963501
datasets/dataset/train/aligned_IMG_1843.jpg,1,0.9930881857872009
datasets/dataset/train/aligned_IMG_1844.jpg,1,0.9989356398582458
datasets/dataset/train/aligned_IMG_1974 (8).jpg,1,0.9773947596549988
datasets/dataset/train/aligned_IMG_1974.jpg,1,0.9773947596549988
datasets/dataset/train/aligned_IMG_1975.jpg,1,0.8532341122627258
datasets/dataset/train/aligned_IMG_20210222_085543_690.jpg,1,0.9901081323623657
datasets/dataset/train/aligned_IMG_20210222_085549_762.jpg,1,0.9853329062461853
datasets/dataset/train/aligned_IMG_20210222_101241_844.jpg,1,0.9996887445449829
datasets/dataset/train/aligned_IMG_20210226_093627_594.jpg,0,0.9998154044151306
datasets/dataset/train/aligned_IMG_20210227_093213_313.jpg,0,0.9999141693115234
datasets/dataset/train/aligned_IMG_20210303_084327_000.jpg,1,0.9997172951698303
datasets/dataset/train/aligned_IMG_20210309_092938_458.jpg,1,0.9985170960426331
datasets/dataset/train/aligned_IMG_20210325_095810_091.jpg,1,0.9948346614837646
datasets/dataset/train/aligned_IMG_20210325_110354_978.jpg,1,0.9996042847633362
datasets/dataset/train/aligned_IMG_20210325_134939_200.jpg,1,0.9997391104698181
datasets/dataset/train/aligned_IMG_20210327_142416_767.jpg,1,0.9809439778327942
datasets/dataset/train/aligned_IMG_20210329_094454_196.jpg,1,0.9933527708053589
datasets/dataset/train/aligned_IMG_20210329_111113_458.jpg,0,0.9961502552032471
datasets/dataset/train/aligned_IMG_20210401_080457_893.jpg,0,0.9993811845779419
datasets/dataset/train/aligned_IMG_20210402_083353_780.jpg,0,0.9946125745773315
datasets/dataset/train/aligned_IMG_20210402_090849_836.jpg,1,0.9956942796707153
datasets/dataset/train/aligned_IMG_20210402_090853_659.jpg,1,0.9994601607322693
datasets/dataset/train/aligned_IMG_20210405_113310_128.jpg,0,0.9997609257698059
datasets/dataset/train/aligned_IMG_20210409_083013_713.jpg,1,0.9902734160423279
datasets/dataset/train/aligned_IMG_20210412_111932_390.jpg,0,0.9923058152198792
datasets/dataset/train/aligned_IMG_20210413_101305_325.jpg,1,0.9767913818359375
datasets/dataset/train/aligned_IMG_20210416_081211_581.jpg,1,0.9916541576385498
datasets/dataset/train/aligned_IMG_20210416_081255_197.jpg,1,0.9990845918655396
datasets/dataset/train/aligned_IMG_20210420_153758_787.jpg,1,0.9997193217277527
datasets/dataset/train/aligned_IMG_20210426_095553_832.jpg,1,0.9996170997619629
datasets/dataset/train/aligned_IMG_20210426_123016_954.jpg,1,0.996448278427124
datasets/dataset/train/aligned_IMG_20210427_083136_715.jpg,1,0.9994733929634094
datasets/dataset/train/aligned_IMG_20210427_110745_715.jpg,1,0.9974053502082825
datasets/dataset/train/aligned_IMG_20210504_081441_898.jpg,1,0.9995567202568054
datasets/dataset/train/aligned_IMG_20210506_092609_900.jpg,0,0.9966161847114563
datasets/dataset/train/aligned_IMG_20210508_104259_610.jpg,1,0.998045802116394
datasets/dataset/train/aligned_IMG_20210508_141751_685.jpg,1,0.9969841837882996
datasets/dataset/train/aligned_IMG_20210508_141752_971.jpg,1,0.9998340606689453
datasets/dataset/train/aligned_IMG_20210508_142443_257.jpg,0,0.9796069860458374
datasets/dataset/train/aligned_IMG_20210510_082925_301.jpg,1,0.999319314956665
datasets/dataset/train/aligned_IMG_20210511_101904_397.jpg,1,0.9974784255027771
datasets/dataset/train/aligned_IMG_20210512_120435_980.jpg,1,0.999556839466095
datasets/dataset/train/aligned_IMG_20210513_091526_206.jpg,0,0.9985666871070862
datasets/dataset/train/aligned_IMG_20210513_094406.jpg,0,0.9993307590484619
datasets/dataset/train/aligned_IMG_20210513_145257_906.jpg,1,0.998900294303894
datasets/dataset/train/aligned_IMG_20210514_102228_191.jpg,1,0.9964271187782288
datasets/dataset/train/aligned_IMG_20210514_105536_787.jpg,0,0.9996802806854248
datasets/dataset/train/aligned_IMG_20210514_151834_061.jpg,0,0.9634476900100708
datasets/dataset/train/aligned_IMG_20210516_185326_195.jpg,1,0.9951350092887878
datasets/dataset/train/aligned_IMG_20210517_134155_530.jpg,1,0.9906044602394104
datasets/dataset/train/aligned_IMG_20210518_082019_385.jpg,0,0.999909520149231
datasets/dataset/train/aligned_IMG_20210518_085610_919.jpg,1,0.9992885589599609
datasets/dataset/train/aligned_IMG_20210518_101449_452.jpg,1,0.9997361302375793
datasets/dataset/train/aligned_IMG_20210519_114415_902.jpg,0,0.9994200468063354
datasets/dataset/train/aligned_IMG_20210520_094433_450.jpg,1,0.9986773133277893
datasets/dataset/train/aligned_IMG_20210520_105434_199.jpg,0,0.9956794381141663
datasets/dataset/train/aligned_IMG_20210520_135307_454.jpg,1,0.9813048243522644
datasets/dataset/train/aligned_IMG_20210521_124946.jpg,0,0.9994749426841736
datasets/dataset/train/aligned_IMG_20210521_160235_106.jpg,1,0.996684730052948
datasets/dataset/train/aligned_IMG_20210522_101803_080.jpg,0,0.9991872906684875
datasets/dataset/train/aligned_IMG_20210522_133938_253.jpg,0,0.9996101260185242
datasets/dataset/train/aligned_IMG_20210522_141548_463.jpg,0,0.9937736988067627
datasets/dataset/train/aligned_IMG_20210524_104133_814.jpg,0,0.9995092153549194
datasets/dataset/train/aligned_IMG_20210531_083956_308.jpg,1,0.999344527721405
datasets/dataset/train/aligned_IMG_20210531_091027_648.jpg,0,0.9866967797279358
datasets/dataset/train/aligned_IMG_20210602_095008_373.jpg,0,0.9994885921478271
datasets/dataset/train/aligned_IMG_20210608_092127_282.jpg,1,0.9994240999221802
datasets/dataset/train/aligned_IMG_20210608_092129_099.jpg,1,0.9991828799247742
datasets/dataset/train/aligned_IMG_20210614_102050_946.jpg,1,0.9987713694572449
datasets/dataset/train/aligned_IMG_20210614_103741_718.jpg,1,0.9985945820808411
datasets/dataset/train/aligned_IMG_20210615_102959_463.jpg,1,0.993357241153717
datasets/dataset/train/aligned_IMG_20211004_075107_403.jpg,0,0.9990046620368958
datasets/dataset/train/aligned_IMG_20211005_083501_390.jpg,1,0.9894391894340515
datasets/dataset/train/aligned_IMG_20211005_100721_784.jpg,1,0.9869645833969116
datasets/dataset/train/aligned_IMG_20211006_084253_044.jpg,0,0.9997416138648987
datasets/dataset/train/aligned_IMG_20211009_091451_935.jpg,0,0.9988116025924683
datasets/dataset/train/aligned_IMG_20211013_112901_720.jpg,0,0.9886496067047119
datasets/dataset/train/aligned_IMG_20211015_103841_928.jpg,1,0.999421238899231
datasets/dataset/train/aligned_IMG_20211020_094455_346.jpg,0,0.9744511842727661
datasets/dataset/train/aligned_IMG_20211020_110450_593.jpg,0,0.9997926354408264
datasets/dataset/train/aligned_IMG_20211025_105848_219.jpg,0,0.998869001865387
datasets/dataset/train/aligned_IMG_20211025_112800_858.jpg,1,0.9681228399276733
datasets/dataset/train/aligned_IMG_20211029_090406_217.jpg,1,0.9681309461593628
datasets/dataset/train/aligned_IMG_20211029_090500_045.jpg,1,0.9879520535469055
datasets/dataset/train/aligned_IMG_20211031_085321_367.jpg,0,0.9907329082489014
datasets/dataset/train/aligned_IMG_20211104_094736_694.jpg,0,0.999756395816803
datasets/dataset/train/aligned_IMG_20211104_130230_323.jpg,1,0.998698353767395
datasets/dataset/train/aligned_IMG_20211110_100730_428.jpg,1,0.9999219179153442
datasets/dataset/train/aligned_IMG_20211113_084210_861.jpg,0,0.9994527697563171
datasets/dataset/train/aligned_IMG_20220124_105807_382.jpg,0,0.9966049194335938
datasets/dataset/train/aligned_IMG_20220209_143029_563.jpg,0,0.9999046325683594
datasets/dataset/train/aligned_IMG_20220210_091419_304.jpg,1,0.9950844645500183
datasets/dataset/train/aligned_IMG_20220212_080741_464.jpg,0,0.9995425939559937
datasets/dataset/train/aligned_IMG_20220222_091839_118.jpg,1,0.5281073451042175
datasets/dataset/train/aligned_IMG_2283.jpg,0,0.9993579983711243
datasets/dataset/train/aligned_IMG_2394.jpg,1,0.993608832359314
datasets/dataset/train/aligned_IMG_2533.jpg,0,0.9993104934692383
datasets/dataset/train/aligned_IMG_2557.jpg,1,0.9851204752922058
datasets/dataset/train/aligned_IMG_2575.jpg,1,0.9998244643211365
datasets/dataset/train/aligned_IMG_2798.jpg,1,0.9990672469139099
datasets/dataset/train/aligned_IMG_2809.jpg,1,0.9944814443588257
datasets/dataset/train/aligned_IMG_2883.jpg,0,0.9998108744621277
datasets/dataset/train/aligned_IMG_3068.jpg,1,0.9996126294136047
datasets/dataset/train/aligned_IMG_3134.jpg,0,0.9999024868011475
datasets/dataset/train/aligned_IMG_3403.jpg,1,0.9953849911689758
datasets/dataset/train/aligned_IMG_3452.jpg,1,0.999714195728302
datasets/dataset/train/aligned_IMG_3712.jpg,0,0.999825656414032
datasets/dataset/train/aligned_IMG_4003.jpg,1,0.9684942364692688
datasets/dataset/train/aligned_IMG_4052.jpg,1,0.872249186038971
datasets/dataset/train/aligned_IMG_4589 (8).jpg,1,0.999362051486969
datasets/dataset/train/aligned_IMG_4589.jpg,1,0.999362051486969
datasets/dataset/train/aligned_IMG_4621.jpg,1,0.9935099482536316
datasets/dataset/train/aligned_IMG_5046.jpg,0,0.9886912107467651
datasets/dataset/train/aligned_IMG_5228.jpg,1,0.9944790601730347
datasets/dataset/train/aligned_IMG_5319.jpg,0,0.9971954822540283
datasets/dataset/train/aligned_IMG_5488.jpg,0,0.9994401335716248
datasets/dataset/train/aligned_IMG_5536.jpg,1,0.9762489199638367
datasets/dataset/train/aligned_IMG_5699.jpg,1,0.9995235204696655
datasets/dataset/train/aligned_IMG_5829.jpg,1,0.9893978834152222
datasets/dataset/train/aligned_IMG_5858.jpg,1,0.9990566372871399
datasets/dataset/train/aligned_IMG_5940.jpg,0,0.9997757077217102
datasets/dataset/train/aligned_IMG_5987.jpg,1,0.9918971657752991
datasets/dataset/train/aligned_IMG_6054.jpg,0,0.9999037981033325
datasets/dataset/train/aligned_IMG_6098.jpg,0,0.9999746084213257
datasets/dataset/train/aligned_IMG_6134.jpg,1,0.7519540190696716
datasets/dataset/train/aligned_IMG_6135.jpg,1,0.974159836769104
datasets/dataset/train/aligned_IMG_6219.jpg,1,0.9985320568084717
datasets/dataset/train/aligned_IMG_6492.jpg,0,0.999687910079956
datasets/dataset/train/aligned_IMG_6498.jpg,0,0.9967566132545471
datasets/dataset/train/aligned_IMG_6528.jpg,1,0.999462902545929
datasets/dataset/train/aligned_IMG_6771.jpg,0,0.9993624091148376
datasets/dataset/train/aligned_IMG_6854.jpg,0,0.9999336004257202
datasets/dataset/train/aligned_IMG_7736.jpg,0,0.9985585808753967
datasets/dataset/train/aligned_IMG_8122.jpg,1,0.9949924349784851
datasets/dataset/train/aligned_IMG_8245.jpg,0,0.999957799911499
datasets/dataset/train/aligned_IMG_8317.jpg,1,0.9985866546630859
datasets/dataset/train/aligned_IMG_8789.jpg,1,0.9919666051864624
datasets/dataset/train/aligned_IMG_8891.jpg,1,0.9213379621505737
datasets/dataset/train/aligned_IMG_9181.jpg,1,0.9875533580780029
datasets/dataset/train/aligned_IMG_9304.jpg,0,0.9997403025627136
datasets/dataset/train/aligned_IMG_9453.jpg,0,0.9988012313842773
datasets/dataset/train/aligned_IMG_9684.jpg,0,0.997147262096405
datasets/dataset/train/aligned_IMG_9803.jpg,0,0.9996273517608643
datasets/dataset/train/aligned_IMG_9815.jpg,1,0.9997674822807312
datasets/dataset/train/aligned_IMG_9852.jpg,0,0.9985439777374268
datasets/dataset/train/aligned_IMG_UPLOAD_20210303_083159.jpg,1,0.9999080896377563
datasets/dataset/train/aligned_TimePhoto_20210406_005535.jpg,0,0.9993224143981934
datasets/dataset/train/aligned_TimePhoto_20210610_055425.jpg,1,0.9999091625213623
datasets/dataset/train/aligned_TimePhoto_20210612_162133.jpg,0,0.9996182918548584
datasets/dataset/train/aligned_TimePhoto_20210614_100609.jpg,0,0.999869704246521
datasets/dataset/train/aligned_cvx (1).jpg,0,0.5635332465171814
datasets/dataset/train/aligned_cvx (3).jpg,1,0.9976603984832764
datasets/dataset/train/aligned_cvx- blx (2).jpg,1,0.9991422891616821
datasets/dataset/train/aligned_z1111875324754_722369c268de5601a04f4d2cae627638.jpg,0,0.9997901320457458
datasets/dataset/train/aligned_z1129806771798_7be66d31017cd23e2c705fa6610b4579.jpg,1,0.9941413998603821
datasets/dataset/train/aligned_z1131192164318_b539771938ae2ac0c5d84faa190bc92f.jpg,0,0.9897958636283875
datasets/dataset/train/aligned_z1148306503967_8e5713350ca22cf7c4bbc272718dbe1a.jpg,0,0.9994117021560669
datasets/dataset/train/aligned_z1148705755452_4a83afe2142ddc35e14fd6abb5b592b6.jpg,0,0.9996727705001831
datasets/dataset/train/aligned_z1152947424796_e1f5f57f29d9328372b1cd1452c57bed.jpg,1,0.9972203969955444
datasets/dataset/train/aligned_z1159926350730_f9509aac24b3956e40f070dae527d9b0.jpg,0,0.999961256980896
datasets/dataset/train/aligned_z1180838475087_8b7cdcb1e2ab2fbecc67fdef8a952865.jpg,0,0.9981598258018494
datasets/dataset/train/aligned_z1185066197313_f4a1092542ead5aa6d03ae00593cc534.jpg,0,0.9992837309837341
datasets/dataset/train/aligned_z1185265838570_ee9906e95bfc3af886eb63e149a7a250.jpg,0,0.9989455342292786
datasets/dataset/train/aligned_z1188229756483_6ee7525aa46a39618cbdab3abe5533ab.jpg,1,0.9977879524230957
datasets/dataset/train/aligned_z1188230575939_b521497405f3ec4f407ffe6b477b1590.jpg,0,0.9996724128723145
datasets/dataset/train/aligned_z1188235127799_a65bc530fd98a0a60db0bc5508191825.jpg,1,0.9639792442321777
datasets/dataset/train/aligned_z1188235163796_f1648f62f4ca7b06503642ac01e64ccc.jpg,1,0.9948044419288635
datasets/dataset/train/aligned_z1188236597416_277f2a07b652ecc88fdaacd0741d0f00.jpg,1,0.997946560382843
datasets/dataset/train/aligned_z1189411094374_8f5b0a335ff1efb5c27ad679b91554a3.jpg,0,0.9996947050094604
datasets/dataset/train/aligned_z1189411096304_bf51a74f8ccd610eb641e4073cb7b84a.jpg,0,0.9992994070053101
datasets/dataset/train/aligned_z1189415373656_19c4813e3e74a107827773a87f79d19b.jpg,0,0.998845100402832
datasets/dataset/train/aligned_z1190471752057_3c447a08f8c11cd8d244bd39813c8c67.jpg,1,0.9894882440567017
datasets/dataset/train/aligned_z1195890348040_d0c499b8d8f43ce06bcb88c8e530f2b3.jpg,1,0.9996761083602905
datasets/dataset/train/aligned_z1215098542473_b7706da1b41859308835318b94c0a19f.jpg,0,0.9995761513710022
datasets/dataset/train/aligned_z1215101323013_b959266aa8fac8e072c23cdba203962b.jpg,0,0.9997865557670593
datasets/dataset/train/aligned_z1215303935675_9a9fa71ac8ca5d7fcff56262a5da2af8.jpg,0,0.9997617602348328
datasets/dataset/train/aligned_z1218169237905_55806cecec26c77413705c38a8a0e00b.jpg,0,0.8910584449768066
datasets/dataset/train/aligned_z1218184084453_45880c5b0c0a55440e53a754572e28a1.jpg,0,0.9979937076568604
datasets/dataset/train/aligned_z1228604407594_9bd2500d58e480aa8d1da3669ab18c0e.jpg,0,0.9981765747070312
datasets/dataset/train/aligned_z1229631895682_5f8ba82be09a690daad90f4200287761.jpg,1,0.9915748238563538
datasets/dataset/train/aligned_z1229881771319_e0df26c3e2206b38789da5e70009fb0b.jpg,0,0.9999487400054932
datasets/dataset/train/aligned_z1234234728290_50c1d174f501eb33a99486b92dc3b7e5.jpg,1,0.965013861656189
datasets/dataset/train/aligned_z1236385532656_7472d23effd7e60511b29cf4e0113dc2.jpg,0,0.9931024312973022
datasets/dataset/train/aligned_z1237360900876_0e56028d3983dbedf22b9a544ae920a7.jpg,1,0.9950357675552368
datasets/dataset/train/aligned_z1238544598750_4755cc9080ecd25be4e4342908a215e6.jpg,0,0.9999456405639648
datasets/dataset/train/aligned_z1242740584784_19a68eebcff559f50e8f7f3c5535e9a1.jpg,1,0.999193012714386
datasets/dataset/train/aligned_z1242980011617_368a0ed6dd32c9a862ed47b9bf5c23d0.jpg,0,0.9961230158805847
datasets/dataset/train/aligned_z1247628599518_feeab0b0efe5bd2e8b1f07d6ed3c0496.jpg,1,0.9998526573181152
datasets/dataset/train/aligned_z1247628668031_dd51635559b407eff35cd21f8337c4b3.jpg,1,0.9999263286590576
datasets/dataset/train/aligned_z1253409184267_1f1d8a56e8f4484358ccaaf6b6e7e889.jpg,0,0.9916728138923645
datasets/dataset/train/aligned_z1256641527655_ed63a69fe19fc78c52dc4bd13e9fc97a.jpg,0,0.999958872795105
datasets/dataset/train/aligned_z1256670784005_d3d34edb8fcf9c0d7add383d5f5ee530.jpg,1,0.9980762004852295
datasets/dataset/train/aligned_z1273685994820_00b095d272a03d4a950979c3073bce63.jpg,0,0.9988823533058167
datasets/dataset/train/aligned_z1278315809829_345b30ebe0b960ef52d1239bab2e6c7c.jpg,1,0.9998449087142944
datasets/dataset/train/aligned_z1280137004742_d318f90943723831c8abe7ba51d9b087.jpg,1,0.9999208450317383
datasets/dataset/train/aligned_z1282823242168_ead2cf325c9ac25ddcd6f70e50c87757.jpg,0,0.7931884527206421
datasets/dataset/train/aligned_z1282876111912_1a89bee88e20ba6330b40d87fe888b66.jpg,0,0.9999263286590576
datasets/dataset/train/aligned_z1291694337579_88bc25800b507a56f078ec4eac2e371b.jpg,0,0.9586012959480286
datasets/dataset/train/aligned_z1298996891334_672f72db559d4c1907ca8ca064180150.jpg,0,0.9998729228973389
datasets/dataset/train/aligned_z1311808490350_12f5c9af41bf8ce72ef139b23a90a761.jpg,1,0.8618558049201965
datasets/dataset/train/aligned_z1336249042434_a5605ed8de8ecdca8d47221aaef1d0bb.jpg,0,0.9998061060905457
datasets/dataset/train/aligned_z1337739677134_b12ca238971c780b95dbccb1b6a51ab7.jpg,0,0.9942176342010498
datasets/dataset/train/aligned_z1340084746080_3a7530344d346077cf6ead4900360184.jpg,0,0.9999129772186279
datasets/dataset/train/aligned_z1353188556101_90e69f8b90acde917f3815462dd1abff.jpg,1,0.999283492565155
datasets/dataset/train/aligned_z1353188567719_774d3be3273f1e93bfd7fbe776317acb.jpg,1,0.9824770092964172
datasets/dataset/train/aligned_z1353208548638_21270ddd0f9e1410e8d857c7fe7f97ec.jpg,0,0.990028440952301
datasets/dataset/train/aligned_z1363664382643_d124f65677a9153991a1b659e3242662.jpg,0,0.9927256107330322
datasets/dataset/train/aligned_z1364677953199_72c7dbf311713aba49528bf68d3d58ef.jpg,1,0.9974299073219299
datasets/dataset/train/aligned_z1368318146492_3ad4e110d8edaf3f66b2ac1811628a0c.jpg,1,0.9998347759246826
datasets/dataset/train/aligned_z1368318162049_f5de1461427cbbb1bdc887fb03c483b7 (1).jpg,1,0.9996631145477295
datasets/dataset/train/aligned_z1372115237777_adc334d8829e7b484b4041912c9a1084.jpg,0,0.9978100657463074
datasets/dataset/train/aligned_z1372310343806_356cb4b67117efecb230873956c02d3b.jpg,0,0.99980229139328
datasets/dataset/train/aligned_z1378386617549_6132d1beae0bbe83b0d4b4b54b749da6.jpg,1,0.999570906162262
datasets/dataset/train/aligned_z1388154494016_bb1e7990b4aa61082fa477a2b2c2195f.jpg,0,0.9998412132263184
datasets/dataset/train/aligned_z1399385420246_f654483c86f86a02e95cfeab15015f35.jpg,1,0.9993979930877686
datasets/dataset/train/aligned_z1403918101730_ca6028bb9025e7aa43ac93a857f580b0.jpg,0,0.9997724890708923
datasets/dataset/train/aligned_z1404217160386_4986a00256004264cbb9ec373821ba6d.jpg,1,0.9766778349876404
datasets/dataset/train/aligned_z1405690721517_cb9de7f6a6eac8224f00ef1616ce3793.jpg,1,0.995398223400116
datasets/dataset/train/aligned_z1411802917017_cb795504c99084416c0a1a3d8313b3f3.jpg,1,0.9960212111473083
datasets/dataset/train/aligned_z1412668478123_58245c0c9f02d58c1d315287cc979217.jpg,1,0.9992632269859314
datasets/dataset/train/aligned_z1412959964415_5b3d96febcdb1441552fcca0d24f78cb.jpg,0,0.9997307658195496
datasets/dataset/train/aligned_z1434445583511_6caabf30a25a4d2f06f75f4356b8f219.jpg,1,0.9999247789382935
datasets/dataset/train/aligned_z1437683873051_19679af0b111653d1c7ee4b3f174ebe4.jpg,1,0.9832077026367188
datasets/dataset/train/aligned_z1437770021505_51476bdfca65f509e883131bf67c718c.jpg,1,0.9998682737350464
datasets/dataset/train/aligned_z1441559964669_c887bb396cd29fd81a507cef65dd56f9.jpg,1,0.9940611720085144
datasets/dataset/train/aligned_z1441778559651_eb2232921ead23919a8a81ed2fea4b41.jpg,0,0.9999297857284546
datasets/dataset/train/aligned_z1455333621182_1d8b39fd92def5ec978a4a13c69c1252.jpg,0,0.9998469352722168
datasets/dataset/train/aligned_z1464395164089_d6ca9844eb508c0ebe64394dae9a0188.jpg,1,0.9988545179367065
datasets/dataset/train/aligned_z1464395166400_903c7950ea5ec68b4a362a36d8158b99.jpg,1,0.998171329498291
datasets/dataset/train/aligned_z1469527130504_0f0bf825705b7e6a3731272ba5e5539c.jpg,1,0.9998099207878113
datasets/dataset/train/aligned_z1469527130505_1965e293ed1be39f4741e0a481ca0a1b.jpg,1,0.9974080920219421
datasets/dataset/train/aligned_z1469883585776_8b8204ed2dfa713e19623d6143e347ac.jpg,1,0.997444748878479
datasets/dataset/train/aligned_z1469937472963_a43319a915a26c3c8eaf92891bec00c0.jpg,1,0.9909432530403137
datasets/dataset/train/aligned_z1473286357960_9ee0a1d3a22fe8498781055de1ec3f07.jpg,1,0.9987989664077759
datasets/dataset/train/aligned_z1473286363455_ba4c7220ea39337ecac162eb39ec533c.jpg,1,0.9998331069946289
datasets/dataset/train/aligned_z1476009464038_aba0e40c1e0b06e2c544866e54f95cf6.jpg,1,0.9998760223388672
datasets/dataset/train/aligned_z1485356570971_d30b5f7750ca1b67ca2200bdef1db704.jpg,1,0.9999059438705444
datasets/dataset/train/aligned_z1492871423287_f1ef52346393a72ac8b7868d1c5acd7f.jpg,0,0.9946045279502869
datasets/dataset/train/aligned_z1513065335667_8e99369bbd4c191b95db54d9b95a433c.jpg,1,0.997208297252655
datasets/dataset/train/aligned_z1524767108850_f61dfe3f3011a4588b214bec0dea3937.jpg,0,0.9857183694839478
datasets/dataset/train/aligned_z1536241767046_89c91bdce63cf8ae2da92318b078979a.jpg,1,0.9884797930717468
datasets/dataset/train/aligned_z1552050735250_fbfc0442c738f6912795afa1dbc4416f.jpg,1,0.9998558759689331
datasets/dataset/train/aligned_z1569439344181_11b0a7a83dc77c5acb7c0afddb41bf10.jpg,1,0.9988610744476318
datasets/dataset/train/aligned_z1575958261558_9d6fa12ab75f89ac64b7355249c922a3.jpg,1,0.9988579750061035
datasets/dataset/train/aligned_z1578914956625_80670f25b5093b88a3027f0236720e06.jpg,1,0.9950908422470093
datasets/dataset/train/aligned_z1580173376618_a40caf121cb76794ed4941cd07eeaeb3.jpg,0,0.8633977174758911
datasets/dataset/train/aligned_z1580669420990_454af5c75d1ef09c79c6db36f07edda5.jpg,1,0.999932050704956
datasets/dataset/train/aligned_z1580754763916_059782a7ec0ad87a3ccfba4c6843b197.jpg,0,0.9938230514526367
datasets/dataset/train/aligned_z1581649472429_2a37873d30b2502d64fe887ed0319350.jpg,0,0.9982979893684387
datasets/dataset/train/aligned_z1600709518935_28b6a8645dae2bfcb0797c480503b4ac.jpg,0,0.9996042847633362
datasets/dataset/train/aligned_z1604784569588_d460f587e8a021746278588238ab66cd.jpg,0,0.9997121691703796
datasets/dataset/train/aligned_z1616663931647_2f575e12ddd9cc8ea6d6edb3f42f39ab.jpg,1,0.9965896606445312
datasets/dataset/train/aligned_z1630340281427_aa66fb7dc3747d81489d4bb0201ce6f9.jpg,0,0.9994394183158875
datasets/dataset/train/aligned_z1651663145208_38b735fc0312c5fcebfc3c22c433b277.jpg,0,0.9982355833053589
datasets/dataset/train/aligned_z1654063213993_7cd9f32f6872990346a9798f662f7aca.jpg,0,0.999784529209137
datasets/dataset/train/aligned_z1655284521690_832221ff1b9bbca437469141106ca887.jpg,1,0.9989210367202759
datasets/dataset/train/aligned_z1669853767784_8abcf3ace41544fbd1d5d5b3dd49916a.jpg,1,0.9995754361152649
datasets/dataset/train/aligned_z1671521127938_10d075ccd32b56cd1ed48eb943f0a149.jpg,1,0.9992825388908386
datasets/dataset/train/aligned_z1673226798350_f0f819d83b251bc619293e6600cf9106.jpg,0,0.9998569488525391
datasets/dataset/train/aligned_z1676044907189_a055a440c3981552ab91beedd1d6a6eb.jpg,0,0.9825902581214905
datasets/dataset/train/aligned_z1683935824144_44222c883c7013b9da644d656e2a8ca4.jpg,0,0.9998030066490173
datasets/dataset/train/aligned_z1689180496170_6a0af74a00a498ade69bc4cdecece74c.jpg,0,0.9994993209838867
datasets/dataset/train/aligned_z1700976556537_ce65346e0d3f7deae61381e13d25a69d.jpg,0,0.9988462924957275
datasets/dataset/train/aligned_z1702211293317_2599649dd6e7c1a7b9c3d7ed418d18c7.jpg,1,0.9993581175804138
datasets/dataset/train/aligned_z1702211293545_caca55537c823e9118902883d669bca6.jpg,1,0.9992689490318298
datasets/dataset/train/aligned_z1702590372828_8f87eccc10da60d7ea9b315e7bbcca3f.jpg,0,0.9999055862426758
datasets/dataset/train/aligned_z1726356658279_3c23beed0ef1d8cea0af850c92732d31.jpg,0,0.9997324347496033
datasets/dataset/train/aligned_z1737627277216_dae96825b1ec19b887637a2a41c4fb69.jpg,1,0.8961148262023926
datasets/dataset/train/aligned_z1748002031661_884212a0d2854748ec4143f03349c369.jpg,0,0.9998382329940796
datasets/dataset/train/aligned_z1765437671934_9892c751b82c959d6e8c612d6a1065cd.jpg,1,0.9759793877601624
datasets/dataset/train/aligned_z1765437720727_26cc07d22c488263d49ba9020ae78685.jpg,1,0.999356210231781
datasets/dataset/train/aligned_z1765633264786_71e559c418631af68cd279df73331bdd.jpg,1,0.9996273517608643
datasets/dataset/train/aligned_z1774024499796_93b9b0bb96a77137ad4184d609b41a27.jpg,0,0.9994716048240662
datasets/dataset/train/aligned_z1775701386670_5895d647066da096857abe3d42c59943.jpg,1,0.9995204210281372
datasets/dataset/train/aligned_z1776228890624_11ca1ae154a498afea6dd7f844467723.jpg,0,0.999830961227417
datasets/dataset/train/aligned_z1780626100286_229a9da4bb013d3ec971e0fc7ebed20c.jpg,1,0.9966186285018921
datasets/dataset/train/aligned_z1801004628635_08f49e22e6749198db709e66c173fde3.jpg,1,0.9970555305480957
datasets/dataset/train/aligned_z1847636614310_4aa677eb82a060e46d98e45107192b70.jpg,1,0.9989176988601685
datasets/dataset/train/aligned_z1870925535340_4019eb65e55f1aeb25bc8fba323a00e6.jpg,1,0.9971862435340881
datasets/dataset/train/aligned_z1870925543136_1affd19d8974012980f3495d2fcd6ed5.jpg,1,0.9993616938591003
datasets/dataset/train/aligned_z1984771574745_720ff47ece7f72360150d45d25cf1838.jpg,1,0.9996953010559082
datasets/dataset/train/aligned_z533433099522_8eb0cee83253e5c09bc729079c2c1497.jpg,1,0.997381865978241
datasets/dataset/train/aligned_z533433372819_6e09433dab55fb125c6c1918f0841ec3.jpg,1,0.9944144487380981
datasets/dataset/train/aligned_z551974115680_e2f9b889fcc1b513adaa6b97f79b2e68.jpg,1,0.9996734857559204
datasets/dataset/train/aligned_z551974156020_a34ad4acba39d3613f714f0f15a7eb56.jpg,1,0.9901509284973145
datasets/dataset/train/aligned_z552207758157_6f31cab44ee11171633afc73810fe7ce.jpg,1,0.9705504179000854
datasets/dataset/train/aligned_z575389398736_ad6f09559c1c15b51adf6e2dffd9802a.jpg,1,0.9989232420921326
datasets/dataset/train/aligned_z585808571398_f8e51dfff24dd473dd9f3c120af5c6de.jpg,1,0.9964159727096558
datasets/dataset/train/aligned_z591812799571_3891cf7964e69ab1ca2a158aa6857abb.jpg,0,0.903723955154419
datasets/dataset/train/aligned_z591813766799_c9b396bae654858df5733bd07eab1870.jpg,1,0.9964415431022644
datasets/dataset/train/aligned_z591813770223_a502e98f67e79491a423bcf6e329fa60.jpg,1,0.9980912804603577
datasets/dataset/train/aligned_z591813770363_4b9a06c54b4f05db755e0eacec236d10.jpg,0,0.9978050589561462
datasets/dataset/train/aligned_z593302862289_bfb5fa15fd20171fe0533c3259ebba67.jpg,1,0.9987574815750122
datasets/dataset/train/aligned_z614273610709_1ae52cdf210b35a3fb67210cbe812d31.jpg,1,0.9988235831260681
datasets/dataset/train/aligned_z637084265711_ed73bbb776512646439f794633372c1d.jpg,1,0.9983611702919006
datasets/dataset/train/aligned_z663570561329_42dabaa4c3587d0d17c90e8d9c3876c0.jpg,0,0.9917186498641968
datasets/dataset/train/aligned_z675926673600_d877e5b5370013a1b9071856d6eb26e1.jpg,1,0.9995498061180115
datasets/dataset/train/aligned_z685478204282_8d3126110d8aae3f468941d98215ac2c.jpg,1,0.9987163543701172
datasets/dataset/train/aligned_z694267188598_5fc099273a2cecf6732829e54291b138.jpg,1,0.9971420168876648
datasets/dataset/train/aligned_z694267533718_a71f7194e7d3df5f94a24a3e7275177e.jpg,1,0.9996362924575806
datasets/dataset/train/aligned_z703781055835_62802590605fa55cda11efb1cead5b3b.jpg,0,0.9612889289855957
datasets/dataset/train/aligned_z736787764929_8ab36bbca4efeae8e56d5fe547907f0a.jpg,1,0.9999524354934692
datasets/dataset/train/aligned_z761017700686_1e3651bca8dfbbbcba0fd8e951fa9ec6.jpg,1,0.9909669756889343
datasets/dataset/train/aligned_z770788270512_1d83d3143309bf89d74b10abf2d5bdf4.jpg,1,0.9997554421424866
datasets/dataset/train/aligned_z776026930668_fa617afd87197417894e8c679e5e5d62.jpg,1,0.9987032413482666
datasets/dataset/train/aligned_z782380696570_07ed9dea7147890758c3e2054d2a9538.jpg,1,0.9969678521156311
datasets/dataset/train/aligned_z786023933745_09a681ea9482f4d13db21d92c770f28d dated.jpg,0,0.9998037219047546
datasets/dataset/train/aligned_z792241863467_1039cb318367fdbfc4b86a180c1387e6.jpg,1,0.998933732509613
datasets/dataset/train/aligned_z792241892678_8859f0f1985443c1f620736bb1038084.jpg,0,0.9992170333862305
datasets/dataset/train/aligned_z800191577135_ddfcdddce944cc4854cb8b682b8f7573.jpg,1,0.9995933175086975
datasets/dataset/train/aligned_z800861086002_d6ce5804e16d21d1ddb3ed8be158a606.jpg,1,0.9998992681503296
datasets/dataset/train/b1a0764c-2402-4add-b88f-3c009ce2c794_aligned.jpg,0,0.9998838901519775
datasets/dataset/train/b1a1c5c2-9790-4add-96c0-be10c0256836.jpg,0,0.9992121458053589
datasets/dataset/train/b2918c5e-91fc-415b-9d38-dad8afe1441d_aligned.jpg,0,0.9994427561759949
datasets/dataset/train/b29b7da2-ac4a-42a4-b973-6622ece19734_aligned.jpg,0,0.9990195035934448
datasets/dataset/train/b2a3ecde-e8a8-42af-ae22-ac570586e596_aligned.jpg,0,0.9973836541175842
datasets/dataset/train/b30dae1b-5c09-4a55-b596-b3aa177c9968.jpg,0,0.9828512668609619
datasets/dataset/train/b33406b8-0163-419e-9d77-c5efdaed01f6.jpg,0,0.9915817379951477
datasets/dataset/train/b3887668-710c-4766-842f-7d594db80962.jpg,0,0.989253580570221
datasets/dataset/train/b3bc7db5-45d1-419e-bba7-1c1ea9ede5d8.jpg,0,0.9997896552085876
datasets/dataset/train/b4c225b8-6434-494b-837e-902013823e80.jpg,0,0.9924299120903015
datasets/dataset/train/b53cb3af-c32e-4906-9983-0134aeac361d.jpg,0,0.9898916482925415
datasets/dataset/train/b58e57c4-d20e-4783-a923-81f4787444d6.jpg,0,0.9998099207878113
datasets/dataset/train/b6223016-29ec-4eca-ba76-128f9a7375a0_aligned.jpg,0,0.999703586101532
datasets/dataset/train/b6d251dc-c017-4464-95fe-87b656761bc0_aligned.jpg,0,0.9999489784240723
datasets/dataset/train/b8c55c5a-8d56-4da7-875d-93ad408d3ae4_aligned.jpg,0,0.9999104738235474
datasets/dataset/train/b94ad439-45df-48ee-a744-b249f24f0bd8.jpg,0,0.9917812943458557
datasets/dataset/train/b9f675f4-f515-4356-8408-0c6205fbc197.jpg,0,0.9956594109535217
datasets/dataset/train/babe351d-04c6-4691-8037-fb20ba79b1c9.jpg,0,0.9944820404052734
datasets/dataset/train/bb77dad5-7c9d-4bdf-b084-8a7c6fe2df6b.jpg,0,0.8376372456550598
datasets/dataset/train/bbd1e04e-cef2-4f74-b61a-9d2750ac4f7c_aligned.jpg,0,0.9888610243797302
datasets/dataset/train/bbe3747e-fc9b-49e5-abf4-d2afef9493b4.jpg,0,0.9999003410339355
datasets/dataset/train/bbf301ee-12d7-4a9e-9a2f-56d06d822931.jpg,0,0.9999880790710449
datasets/dataset/train/bcb1b412-3379-4994-8e0c-83b29c962706.jpg,0,0.993196964263916
datasets/dataset/train/bce54c78-0928-404b-8d7e-4581d18c5e7b.jpg,0,0.997977077960968
datasets/dataset/train/bd642fcc-8800-4ab8-bbeb-ee85ec81f131.jpg,0,0.9999227523803711
datasets/dataset/train/bef1e249-ae3b-44dc-88e7-2385dcdc4f2e.jpg,0,0.9989463686943054
datasets/dataset/train/bf0d1441-2153-4b87-808d-6b2298c0684d.jpg,0,0.8968809247016907
datasets/dataset/train/bf63810b-4f15-49ec-8bf2-3e427e355131_aligned.jpg,0,0.9999929666519165
datasets/dataset/train/bfeca909-1a80-4352-ab08-e3b664d7704b.jpg,0,0.9992014765739441
datasets/dataset/train/c055e84c-d0d9-49cd-a721-9e2a59f88d87.jpg,0,0.9950332641601562
datasets/dataset/train/c05c6990-019b-4c36-8282-1844458fed5c.jpg,0,0.9996765851974487
datasets/dataset/train/c083a96d-ca21-4aa2-9cb8-70fbe056e1fd_aligned.jpg,0,0.9999885559082031
datasets/dataset/train/c0f3c9d4-a451-4e0e-8b22-31b7c85e001a.jpg,0,0.9943212270736694
datasets/dataset/train/c1116e21-f5a3-4f26-96a4-683d310574de.jpg,0,0.9999064207077026
datasets/dataset/train/c16c6f67-942f-4a01-9149-c41a9b978f31.jpg,0,0.9984729886054993
datasets/dataset/train/c1a7f411-7f7b-45b2-861d-d57fad9e5d54.jpg,0,0.9981960654258728
datasets/dataset/train/c1c511e5-847c-43bd-aa79-e0431d553a16.jpg,0,0.9972232580184937
datasets/dataset/train/c2141267-95fb-4c7e-8956-2ea3845d98a5.jpg,0,0.9955846667289734
datasets/dataset/train/c236cc21-6236-453f-bb6d-ef75c4e5caf0.jpg,0,0.9780564308166504
datasets/dataset/train/c29800e3-86fb-4c95-bb81-8f14437c2d6c_aligned.jpg,0,0.9999489784240723
datasets/dataset/train/c3926b55-d645-4c95-9567-bc7fbe0819b0.jpg,0,0.8182229399681091
datasets/dataset/train/c4af8daf-0baa-4452-bafc-99d883728695.jpg,0,0.9993976354598999
datasets/dataset/train/c547ad16-581c-4633-a2a4-b930704eb8ee.jpg,0,0.9999507665634155
datasets/dataset/train/c5edf32c-4a1d-4667-b4e2-afa10218e561.jpg,0,0.9930490255355835
datasets/dataset/train/c807bcf4-6b81-49a0-8a15-158ec0f67e02.jpg,0,0.9994524121284485
datasets/dataset/train/c8a21d34-4e36-49ec-9a50-96cd3d21fc86.jpg,0,0.9979617595672607
datasets/dataset/train/ca0a07a8-e365-4b09-8217-b85e1c9967d2.jpg,0,0.94344562292099
datasets/dataset/train/ca0b595f-ca1e-4e4a-90c3-d819dfc00edf.jpg,0,0.9995961785316467
datasets/dataset/train/ca3d88bd-38dd-423a-8cb7-a5652c58527c_aligned.jpg,0,0.9999916553497314
datasets/dataset/train/cafa7688-c859-4f3a-8a06-837a4948e1a0_aligned.jpg,0,0.9999501705169678
datasets/dataset/train/cb2e949a-6bba-4cf8-911f-6e5586b229d5.jpg,0,0.5808425545692444
datasets/dataset/train/cb5c9b8d-320d-4866-bd3b-343d97c4269e_aligned.jpg,0,0.9884707927703857
datasets/dataset/train/cb6c8ef1-d5c6-4951-8940-f47b90f35576_aligned.jpg,0,0.999954104423523
datasets/dataset/train/cc112628-ea8e-4764-ba71-7fe4525d9b84.jpg,0,0.9997075200080872
datasets/dataset/train/ccf61387-691f-4b5a-b1de-4c2d3403d877.jpg,0,0.9953190684318542
datasets/dataset/train/cd566b44-a357-4089-aa90-7d2e7f306a18.jpg,0,0.9965850114822388
datasets/dataset/train/cd8385d3-d60c-4d1a-87e5-6ece846356cf.jpg,0,0.9997441172599792
datasets/dataset/train/cdd4e50f-c719-4953-a37f-fef6bb4a86d2_aligned.jpg,0,0.9991099238395691
datasets/dataset/train/cde5ee0b-9072-42e2-ab64-bfbbf80cf603.jpg,0,0.9974217414855957
datasets/dataset/train/ce855043-9671-4334-bb4f-f9aa5f41fb03.jpg,0,0.9997484087944031
datasets/dataset/train/ce9e016e-84cb-4361-9941-24f4aaa61f12.jpg,0,0.9994727969169617
datasets/dataset/train/cf324275-9c90-4bef-aee0-2c4371551ba3.jpg,0,0.9994980096817017
datasets/dataset/train/cv-blx_0.jpg,1,0.9947617650032043
datasets/dataset/train/cvx (1)_0.jpg,1,0.7139244675636292
datasets/dataset/train/cvx (3)_0.jpg,1,0.991010308265686
datasets/dataset/train/cvx+ blx_1.jpg,1,0.9975478053092957
datasets/dataset/train/cvx- blx (2)_0.jpg,1,0.9997186064720154
datasets/dataset/train/cvx_0.jpg,1,0.9953307509422302
datasets/dataset/train/d04f7d00-a940-4fde-87e4-d700ac0717b1_aligned.jpg,0,0.9998708963394165
datasets/dataset/train/d0c33188-1a37-48a3-a587-680415112b70_aligned.jpg,0,0.9998549222946167
datasets/dataset/train/d11a34f0-6111-443c-acac-e86b5a0f0507.jpg,0,0.9933345317840576
datasets/dataset/train/d14e7556-2925-4325-990b-aaf89c1ee4ba.jpg,0,0.9977620840072632
datasets/dataset/train/d1521f91-a6fe-4c47-9447-ce2e94af9c94.jpg,0,0.9995949864387512
datasets/dataset/train/d15ca289-88d8-4f62-b798-d756edef5b76_aligned.jpg,0,0.9999929666519165
datasets/dataset/train/d18b6fd8-2eea-4c9f-a1e2-b499c23c1cd2_aligned.jpg,0,0.9975060820579529
datasets/dataset/train/d1f10e4f-c98c-42b6-85bf-f3746c09b659.jpg,0,0.9991984963417053
datasets/dataset/train/d1f2c38f-ed7f-4d05-95b6-9f3627dd2985.jpg,0,0.9983874559402466
datasets/dataset/train/d28ed9cb-a65d-42a1-8ee7-f93b3322eeb9_aligned.jpg,0,0.9957714676856995
datasets/dataset/train/d2f0349a-e0fc-44e0-8931-2383c2f373b0.jpg,0,0.9911346435546875
datasets/dataset/train/d39638c0-d8e6-4ddb-a261-5208b2b2e8d0_aligned.jpg,0,0.9998626708984375
datasets/dataset/train/d40dea8f-46a8-4fbc-8e2c-8582b0a94e14_aligned.jpg,0,0.9992243051528931
datasets/dataset/train/d429b3bd-e9f8-4e23-a70c-0eb5a9cedeed.jpg,0,0.9991170763969421
datasets/dataset/train/d4310fd3-a63b-4765-9054-959dfd189911_aligned.jpg,0,0.9997026324272156
datasets/dataset/train/d48fcd28-f310-4ece-acae-bc27ef47496e_aligned.jpg,0,0.9997043013572693
datasets/dataset/train/d4909b6c-799e-44d3-9366-220917a8971f_aligned.jpg,0,0.9998582601547241
datasets/dataset/train/d4d15ae7-2f9c-4b0f-ac2e-a64b33051471.jpg,0,0.9996234178543091
datasets/dataset/train/d4fa8fef-226b-4812-9352-c90d4a88fb7b.jpg,0,0.991569459438324
datasets/dataset/train/d4fdec73-f5e3-4d6c-b006-8de81fcd3a3c.jpg,0,0.9996026158332825
datasets/dataset/train/d5c100a1-1fed-456e-aedf-028f3bece1b0_aligned.jpg,0,0.9995704293251038
datasets/dataset/train/d63681e9-baf9-4aa0-882f-7aeac0814753.jpg,0,0.9841108322143555
datasets/dataset/train/d697cfde-5574-4646-9d91-c3afdbac4b15.jpg,0,0.9996700286865234
datasets/dataset/train/d72074f3-f979-4460-8cb0-b7ba8eef2b5c.jpg,0,0.9996358156204224
datasets/dataset/train/d74a2cf9-0ecc-440a-9b29-e4d52ea79c55.jpg,0,0.969299852848053
datasets/dataset/train/d812cc88-9abf-432d-885a-17fd02b7470a.jpg,0,0.9999039173126221
datasets/dataset/train/d8505eb5-09c2-47e6-b395-7fc60ef1ba09.jpg,0,0.9736706614494324
datasets/dataset/train/d895ebc8-8516-407c-9f69-8951f0606537_aligned.jpg,0,0.9992068409919739
datasets/dataset/train/d8edac8d-3c4e-4544-ac9f-8cf0653fe544.jpg,0,0.9705616235733032
datasets/dataset/train/d93d6e54-dcad-438d-976e-37d33940ac57.jpg,0,0.9996324777603149
datasets/dataset/train/d9ad381b-d148-426f-b0f1-b77ec68a7d8c.jpg,0,0.9990227222442627
datasets/dataset/train/d9f04d3b-e0e5-444b-a47d-2ec8cb63bbff.jpg,0,0.9997683167457581
datasets/dataset/train/daea83f1-f7cc-4157-8e85-5b0b061fbefe_aligned.jpg,0,0.9995627999305725
datasets/dataset/train/dca94994-46f7-4a05-8b32-41f8af85371f.jpg,0,0.9967710375785828
datasets/dataset/train/ddcab925-b621-44ea-a2d2-5e35a21ab186.jpg,0,0.9990353584289551
datasets/dataset/train/ddd49b8d-5964-42a1-81d2-6696e330e492.jpg,0,0.9989922642707825
datasets/dataset/train/de19809a-fadb-47c4-bb77-392ebdc59211_aligned.jpg,0,0.9999817609786987
datasets/dataset/train/de51fcfa-4aa2-4306-acce-e9e552eddc2a.jpg,0,0.9995512366294861
datasets/dataset/train/de8c3974-7ebd-40f9-8a1b-0ac3b558fa33.jpg,0,0.9962208867073059
datasets/dataset/train/dec171df-29ee-4026-94cd-17e0859a354e.jpg,0,0.9833242297172546
datasets/dataset/train/df6005a8-d012-4b83-b805-5fbb3dc8c28f_aligned.jpg,0,0.9998770952224731
datasets/dataset/train/dfabaaef-b358-4211-a286-3d79410f1c70.jpg,0,0.9965009689331055
datasets/dataset/train/dfba9240-e662-4b38-b2f3-8e144c3e5050_aligned.jpg,0,0.9999815225601196
datasets/dataset/train/e0417170-bf41-441b-b34e-c85a9c4a6b90.jpg,0,0.9958361387252808
datasets/dataset/train/e08fdac2-0de5-4984-bdf1-e607802376a8_aligned.jpg,0,0.9995170831680298
datasets/dataset/train/e146d4a6-eea5-4533-baeb-30c4b49fd2f4_aligned.jpg,0,0.9996187686920166
datasets/dataset/train/e20e302c-16bd-4492-8235-5288c109ec21_aligned.jpg,0,0.9998998641967773
datasets/dataset/train/e2ca96a6-31ad-45ea-82a3-fc3326190d62.jpg,0,0.9911627769470215
datasets/dataset/train/e3ab1314-7aae-4ec7-a27a-3c5efad3eac3_aligned.jpg,0,0.9999512434005737
datasets/dataset/train/e3f1e254-7cb3-45f8-a6d6-993d05682a51.jpg,0,0.9810382723808289
datasets/dataset/train/e3f2e742-adf4-4ba5-97e1-619fe14da420.jpg,0,0.9972960352897644
datasets/dataset/train/e5079392-0d9f-458d-95f5-e715685f2b38_aligned.jpg,0,0.9977442026138306
datasets/dataset/train/e510f971-e828-49ac-8789-a969f74a4385.jpg,0,0.9998723268508911
datasets/dataset/train/e51ec76c-21b1-4551-997e-558dfbc95618.jpg,0,0.9999518394470215
datasets/dataset/train/e53035f7-c880-40ea-8a7d-eeb3ca1e4910.jpg,0,0.9988204836845398
datasets/dataset/train/e68bf0b0-c342-44f6-978e-41b7d0a09b51_aligned.jpg,0,0.9998787641525269
datasets/dataset/train/e69cc98f-dcf7-4df8-beaa-729aea78e122_aligned.jpg,0,0.9992870688438416
datasets/dataset/train/e7078229-0e56-4090-a459-f3b0770f4e8a.jpg,0,0.9995923638343811
datasets/dataset/train/e7859bca-3eea-4932-bd45-b37b6d3e6d30_aligned.jpg,0,0.9995033740997314
datasets/dataset/train/e81dc6d8-3c09-4e8e-b1a7-4fc45e7065e6_aligned.jpg,0,0.9997475743293762
datasets/dataset/train/e84f3b60-4d12-4b22-98e4-b663d1763508.jpg,0,0.9996721744537354
datasets/dataset/train/e9402526-422b-4ca6-b05a-cc0da703e047_aligned.jpg,0,0.9995055198669434
datasets/dataset/train/eb6d0136-cee1-40e9-aed0-0c748b648822.jpg,0,0.9999276399612427
datasets/dataset/train/ec852c23-6b03-4b67-a696-55c176123d2d.jpg,0,0.9998083710670471
datasets/dataset/train/ecaa6a76-ca48-465f-8ad8-2265e602c929.jpg,0,0.9997815489768982
datasets/dataset/train/ed1a6797-a3c7-43b6-afa1-85ef00c3e04e.jpg,0,0.9991896748542786
datasets/dataset/train/ed555a66-f4ce-448a-a410-321f72ac2a6d_aligned.jpg,0,0.9999606609344482
datasets/dataset/train/ed78454e-cf44-4952-b70a-69d1b1541c28.jpg,0,0.9995995163917542
datasets/dataset/train/ed7dfaef-5f6e-4ace-adf7-fb1939bda2ad.jpg,0,0.9983606934547424
datasets/dataset/train/ed9654da-a51a-4837-b62e-0d23941bb2f6.jpg,0,0.9986538887023926
datasets/dataset/train/edd85deb-d695-4d4d-93e1-b9b354e73468_aligned.jpg,0,0.9971727132797241
datasets/dataset/train/ee9dd39c-faf3-441d-b9ea-cfeef5400753_aligned.jpg,0,0.9847940802574158
datasets/dataset/train/eea6d000-b1aa-4f2d-bee6-07396a9528eb.jpg,0,0.9774301052093506
datasets/dataset/train/ef7d4798-792a-40ca-bc44-634c349c9b11.jpg,0,0.9930129647254944
datasets/dataset/train/effb1212-b38e-46cb-bfae-9bf68d03f207_aligned.jpg,0,0.9999141693115234
datasets/dataset/train/f015a2c9-9e5b-4acd-bf76-6ff869910275_aligned.jpg,0,0.9999690055847168
datasets/dataset/train/f027a0f8-6a9d-447a-97c5-90074ec90f9c.jpg,0,0.9999555349349976
datasets/dataset/train/f0a208f2-0dc0-4a4b-a2ee-00fd2c4cebd7.jpg,0,0.9751410484313965
datasets/dataset/train/f0e5b6e1-e828-4b09-89bd-5e3251e7b37e_aligned.jpg,0,0.9999148845672607
datasets/dataset/train/f12dbeb1-8e7a-4196-9dd9-85a6aa8767c6.jpg,0,0.9990779161453247
datasets/dataset/train/f13723f9-feea-44e6-80d0-d9a59a88bb41.jpg,0,0.9980419874191284
datasets/dataset/train/f1377952-d985-4da5-a2c5-ca2ee5a2a6b2.jpg,0,0.9965850114822388
datasets/dataset/train/f15e374b-8d4b-4574-ad83-f5315e2be27e.jpg,0,0.999543309211731
datasets/dataset/train/f1a1ff5a-e01d-4968-93a3-30032f967941.jpg,0,0.9955908060073853
datasets/dataset/train/f1fb5b97-0c70-4778-9267-5f1b1e1314ab.jpg,0,0.9943616390228271
datasets/dataset/train/f3c59dcf-260e-4d78-a9c5-723100eb220e.jpg,0,0.9995775818824768
datasets/dataset/train/f3d1c8f2-d13c-44b4-a4ae-f7b03434e9a4.jpg,0,0.9965537786483765
datasets/dataset/train/f40509cb-2b12-4403-993f-b6db17d679b3_aligned.jpg,0,0.9999051094055176
datasets/dataset/train/f4ab9964-8ac8-41a1-8aa5-98b5a6cee95c.jpg,0,0.9715097546577454
datasets/dataset/train/f523ef34-e9f1-4745-b440-43ddeeabf644_aligned.jpg,0,0.9999668598175049
datasets/dataset/train/f538868b-ff3e-4070-a8e1-06747a65bc02.jpg,0,0.9991186261177063
datasets/dataset/train/f5f00184-7f61-465a-8bd4-1fb86ea94f4a.jpg,0,0.9954777359962463
datasets/dataset/train/f6fae134-7e7d-4534-9e88-daaad3a4ed70.jpg,0,0.8090395927429199
datasets/dataset/train/f76e2dfd-7a4c-4c49-8af3-515e97689dc4.jpg,0,0.9876950979232788
datasets/dataset/train/f77f39f5-e11e-4029-9c49-1fd7b2bbf165_aligned.jpg,0,0.999993085861206
datasets/dataset/train/f8261a50-83ca-4ad5-9ef4-1bca85c940be.jpg,0,0.9955761432647705
datasets/dataset/train/f890c114-44ba-46ed-958a-eb26421f5ba9.jpg,0,0.9972541928291321
datasets/dataset/train/f8bfb107-1043-4940-851b-13f8a78a8963_aligned.jpg,0,0.9999375343322754
datasets/dataset/train/f9097353-99e7-4d41-b3d1-9bb4ab9974ad_aligned.jpg,0,0.999007523059845
datasets/dataset/train/f91cc903-de2c-4109-a4f3-5447c1ba259b_aligned.jpg,0,0.9995071887969971
datasets/dataset/train/fa0a322b-43aa-48f6-8bf5-2894a084bb5c_aligned.jpg,0,0.9999781847000122
datasets/dataset/train/fa37222c-30d5-4fd3-80db-1b576e11a5f3.jpg,0,0.9508094787597656
datasets/dataset/train/fa9eb81d-2573-4d26-9573-8917164e7410.jpg,0,0.9998421669006348
datasets/dataset/train/faf87f01-fb3c-4985-bee1-158e6bab1dc3_aligned.jpg,0,0.9984025359153748
datasets/dataset/train/fb68095a-0d06-4054-bec8-92295e1b149c_aligned.jpg,0,0.9999382495880127
datasets/dataset/train/fba590a5-deb0-46c8-8702-a03f8eb746be_aligned.jpg,0,0.9968137145042419
datasets/dataset/train/fc053a9d-f05e-4964-9178-016e0be5dd8a.jpg,0,0.9977625608444214
datasets/dataset/train/fc071b1b-3b2b-479f-9979-43055b2e8046.jpg,0,0.9968007802963257
datasets/dataset/train/fc50cd9f-fd4e-4cda-9b03-e9a4e7cad739_aligned.jpg,0,0.9999932050704956
datasets/dataset/train/fcfde9db-6dbb-42d5-844d-0c76126515bc.jpg,0,0.9987131357192993
datasets/dataset/train/fd781428-36e3-4cd8-8861-5fea66c9c03a.jpg,0,0.998995840549469
datasets/dataset/train/fde1197b-34e7-4866-8901-96b0da9d8429.jpg,0,0.9559683799743652
datasets/dataset/train/fe10bbf9-6204-4908-b64b-b4361fc244a8.jpg,0,0.9998873472213745
datasets/dataset/train/fea773a9-3489-4723-b85c-55d446ba09fc_aligned.jpg,0,0.9998987913131714
datasets/dataset/train/ff6be04d-09f1-469e-b0b8-6cce96025624_aligned.jpg,0,0.9986068606376648
datasets/dataset/train/ff9dc9ba-3a1e-4084-bfdc-bb139bcabd15.jpg,0,0.9977038502693176
datasets/dataset/train/mtrc1.jpg,1,0.9986666440963745
datasets/dataset/train/mtrc2.jpg,1,0.9998811483383179
datasets/dataset/train/s.jpg,0,0.988061785697937
datasets/dataset/train/z1111875324754_722369c268de5601a04f4d2cae627638_0.jpg,0,0.9966214895248413
datasets/dataset/train/z1129806771798_7be66d31017cd23e2c705fa6610b4579_0.jpg,1,0.9996882677078247
datasets/dataset/train/z1131191006347_4153af72c1740c418abc43c860c51602_0.jpg,0,0.9956932663917542
datasets/dataset/train/z1131192164318_b539771938ae2ac0c5d84faa190bc92f.jpg,0,0.9925997257232666
datasets/dataset/train/z1148306503967_8e5713350ca22cf7c4bbc272718dbe1a_0.jpg,0,0.9994308352470398
datasets/dataset/train/z1148705755452_4a83afe2142ddc35e14fd6abb5b592b6_0.jpg,0,0.9994459748268127
datasets/dataset/train/z1152947424796_e1f5f57f29d9328372b1cd1452c57bed_0.jpg,1,0.9999450445175171
datasets/dataset/train/z1159926350730_f9509aac24b3956e40f070dae527d9b0_0.jpg,0,0.9999814033508301
datasets/dataset/train/z1180838475087_8b7cdcb1e2ab2fbecc67fdef8a952865_0.jpg,0,0.9838529825210571
datasets/dataset/train/z1185066197313_f4a1092542ead5aa6d03ae00593cc534_0.jpg,0,0.9997952580451965
datasets/dataset/train/z1185265838570_ee9906e95bfc3af886eb63e149a7a250_0.jpg,0,0.9998601675033569
datasets/dataset/train/z1188229756483_6ee7525aa46a39618cbdab3abe5533ab_0.jpg,1,0.9993448853492737
datasets/dataset/train/z1188230575939_b521497405f3ec4f407ffe6b477b1590_0.jpg,0,0.9998428821563721
datasets/dataset/train/z1188235127799_a65bc530fd98a0a60db0bc5508191825_0.jpg,1,0.98687344789505
datasets/dataset/train/z1188235163796_f1648f62f4ca7b06503642ac01e64ccc_0.jpg,1,0.9973691701889038
datasets/dataset/train/z1188236597416_277f2a07b652ecc88fdaacd0741d0f00_0.jpg,1,0.9995535016059875
datasets/dataset/train/z1189409763857_8202429b774ac31711d83176e10069ad.jpg,0,0.9901774525642395
datasets/dataset/train/z1189411094374_8f5b0a335ff1efb5c27ad679b91554a3_0.jpg,0,0.999382734298706
datasets/dataset/train/z1189411096304_bf51a74f8ccd610eb641e4073cb7b84a_0.jpg,0,0.9998366832733154
datasets/dataset/train/z1189415373656_19c4813e3e74a107827773a87f79d19b_0.jpg,0,0.9999275207519531
datasets/dataset/train/z1195890347962_e0cd59f81eb3b0f573e1f689e8ec0c51_0.jpg,1,0.9823587536811829
datasets/dataset/train/z1195890361112_06ea6ffd5c77c0fb434d4d3978e37e01_1.jpg,1,0.9965789914131165
datasets/dataset/train/z1215098542473_b7706da1b41859308835318b94c0a19f_0.jpg,0,0.9998533725738525
datasets/dataset/train/z1215101323013_b959266aa8fac8e072c23cdba203962b_0.jpg,0,0.9998493194580078
datasets/dataset/train/z1215303935675_9a9fa71ac8ca5d7fcff56262a5da2af8_0.jpg,0,0.9998799562454224
datasets/dataset/train/z1218169237905_55806cecec26c77413705c38a8a0e00b_0.jpg,0,0.991223931312561
datasets/dataset/train/z1218184084453_45880c5b0c0a55440e53a754572e28a1_0.jpg,0,0.9670767188072205
datasets/dataset/train/z1228604407594_9bd2500d58e480aa8d1da3669ab18c0e_0.jpg,0,0.9998648166656494
datasets/dataset/train/z1229631895682_5f8ba82be09a690daad90f4200287761_0.jpg,1,0.9997829794883728
datasets/dataset/train/z1229631935421_fecbd4c32eaceda6f7f6840fdb49f4a5_0.jpg,1,0.999734103679657
datasets/dataset/train/z1229881771319_e0df26c3e2206b38789da5e70009fb0b_0.jpg,0,0.999809205532074
datasets/dataset/train/z1234234728290_50c1d174f501eb33a99486b92dc3b7e5_0.jpg,1,0.9981510043144226
datasets/dataset/train/z1236385532656_7472d23effd7e60511b29cf4e0113dc2_0.jpg,0,0.9962802529335022
datasets/dataset/train/z1237233598988_e41500c22c5d1a52c1019fd8593442ea_1.jpg,1,0.9999978542327881
datasets/dataset/train/z1238544598750_4755cc9080ecd25be4e4342908a215e6_0.jpg,0,0.9998564720153809
datasets/dataset/train/z1242740584784_19a68eebcff559f50e8f7f3c5535e9a1_0.jpg,1,0.996955394744873
datasets/dataset/train/z1242980011617_368a0ed6dd32c9a862ed47b9bf5c23d0_0.jpg,0,0.9988601207733154
datasets/dataset/train/z1247628599518_feeab0b0efe5bd2e8b1f07d6ed3c0496_0.jpg,1,0.9983677268028259
datasets/dataset/train/z1247628668031_dd51635559b407eff35cd21f8337c4b3_0.jpg,1,0.9998743534088135
datasets/dataset/train/z1253409184267_1f1d8a56e8f4484358ccaaf6b6e7e889_0.jpg,0,0.9426247477531433
datasets/dataset/train/z1256641527655_ed63a69fe19fc78c52dc4bd13e9fc97a_0.jpg,0,0.9998987913131714
datasets/dataset/train/z1256670751728_d0a42efdf7113dd705a82a848263b04b_1.jpg,1,0.999285876750946
datasets/dataset/train/z1273685994820_00b095d272a03d4a950979c3073bce63_0.jpg,0,0.9947465062141418
datasets/dataset/train/z1278315809829_345b30ebe0b960ef52d1239bab2e6c7c_0.jpg,1,0.9991808533668518
datasets/dataset/train/z1280137004742_d318f90943723831c8abe7ba51d9b087_0.jpg,1,0.9998100399971008
datasets/dataset/train/z1282823242168_ead2cf325c9ac25ddcd6f70e50c87757_0.jpg,0,0.9935797452926636
datasets/dataset/train/z1282876111912_1a89bee88e20ba6330b40d87fe888b66_0.jpg,0,0.9999666213989258
datasets/dataset/train/z1286865770231_062a61d50e91eab010410beb7feaa5b3_0.jpg,1,0.9955165982246399
datasets/dataset/train/z1291694337579_88bc25800b507a56f078ec4eac2e371b_0.jpg,0,0.9972802400588989
datasets/dataset/train/z1298996891334_672f72db559d4c1907ca8ca064180150_0.jpg,0,0.999971866607666
datasets/dataset/train/z1336249042434_a5605ed8de8ecdca8d47221aaef1d0bb_0.jpg,0,0.9999690055847168
datasets/dataset/train/z1337739677134_b12ca238971c780b95dbccb1b6a51ab7_0.jpg,0,0.9982355833053589
datasets/dataset/train/z1340084746080_3a7530344d346077cf6ead4900360184_0.jpg,0,0.99907386302948
datasets/dataset/train/z1344821403131_1e020b105419f75b8f55ee95a6c54934_0.jpg,1,0.9961448907852173
datasets/dataset/train/z1345905752331_bba8847de8828dcfea49cc61a4185111_0.jpg,1,0.9471514821052551
datasets/dataset/train/z1348266066432_24a36f868330491be0a46f169ff7df6c_0.jpg,1,0.9981315732002258
datasets/dataset/train/z1353188566468_37a4dd3fda1621bb1c159b58beb822e2_1.jpg,1,0.8289876580238342
datasets/dataset/train/z1353188567719_774d3be3273f1e93bfd7fbe776317acb_0.jpg,1,0.9167479872703552
datasets/dataset/train/z1353208548638_21270ddd0f9e1410e8d857c7fe7f97ec_0.jpg,0,0.9998418092727661
datasets/dataset/train/z1363664382643_d124f65677a9153991a1b659e3242662_0.jpg,0,0.9990442395210266
datasets/dataset/train/z1364677953199_72c7dbf311713aba49528bf68d3d58ef_0.jpg,1,0.9993485808372498
datasets/dataset/train/z1368318146492_3ad4e110d8edaf3f66b2ac1811628a0c (1)_0.jpg,1,0.9994291663169861
datasets/dataset/train/z1372101348251_888566038ef71146e29551979c768033 (1)_0.jpg,1,0.9964900612831116
datasets/dataset/train/z1372310343806_356cb4b67117efecb230873956c02d3b_0.jpg,0,0.9999443292617798
datasets/dataset/train/z1376745473265_a09c346674d2a4d4ee277ea8eba1492e_0.jpg,1,0.9996490478515625
datasets/dataset/train/z1378386617549_6132d1beae0bbe83b0d4b4b54b749da6.jpg,1,0.9935956597328186
datasets/dataset/train/z1386620739601_9e29f1deed93293d786753caa58db47d_1.jpg,1,0.999321460723877
datasets/dataset/train/z1388154494016_bb1e7990b4aa61082fa477a2b2c2195f_0.jpg,0,0.9999024868011475
datasets/dataset/train/z1396606436312_e04d061208aa8118af5bedbcfa01dbcf_0.jpg,1,0.9993327260017395
datasets/dataset/train/z1396606462169_d29cd0393e329ff3cdaba358e4d43b6c_1.jpg,1,0.9935846924781799
datasets/dataset/train/z1403912934649_0d26c7b25fd3f4baf49b7647860dba52 (1)_0.jpg,1,0.9961013793945312
datasets/dataset/train/z1403918101730_ca6028bb9025e7aa43ac93a857f580b0_0.jpg,0,0.999771773815155
datasets/dataset/train/z1404217160386_4986a00256004264cbb9ec373821ba6d_0.jpg,1,0.9951606392860413
datasets/dataset/train/z1405690721517_cb9de7f6a6eac8224f00ef1616ce3793_0.jpg,1,0.9980897307395935
datasets/dataset/train/z1411802917017_cb795504c99084416c0a1a3d8313b3f3_0.jpg,1,0.9973128437995911
datasets/dataset/train/z1412668478123_58245c0c9f02d58c1d315287cc979217_0.jpg,1,0.9998904466629028
datasets/dataset/train/z1412959964415_5b3d96febcdb1441552fcca0d24f78cb_0.jpg,0,0.9999880790710449
datasets/dataset/train/z1434445583511_6caabf30a25a4d2f06f75f4356b8f219_0.jpg,1,0.9999905824661255
datasets/dataset/train/z1437683873051_19679af0b111653d1c7ee4b3f174ebe4_0.jpg,1,0.9973552227020264
datasets/dataset/train/z1437770021505_51476bdfca65f509e883131bf67c718c_0.jpg,1,0.9999122619628906
datasets/dataset/train/z1441778559651_eb2232921ead23919a8a81ed2fea4b41_0.jpg,0,0.999032735824585
datasets/dataset/train/z1455333618797_5644ea8cb92794e29c113ff12af4bdd3_1.jpg,1,0.9991162419319153
datasets/dataset/train/z1455333621182_1d8b39fd92def5ec978a4a13c69c1252_0.jpg,0,0.9999856948852539
datasets/dataset/train/z1464395166400_903c7950ea5ec68b4a362a36d8158b99_0.jpg,1,0.9983323216438293
datasets/dataset/train/z1469527130505_1965e293ed1be39f4741e0a481ca0a1b_0.jpg,1,0.9987345337867737
datasets/dataset/train/z1469883585776_8b8204ed2dfa713e19623d6143e347ac_0.jpg,1,0.9987564086914062
datasets/dataset/train/z1469937472963_a43319a915a26c3c8eaf92891bec00c0_0.jpg,1,0.9991208910942078
datasets/dataset/train/z1473286363455_ba4c7220ea39337ecac162eb39ec533c_0.jpg,1,0.9993826150894165
datasets/dataset/train/z1476009464038_aba0e40c1e0b06e2c544866e54f95cf6_0.jpg,1,0.9979078769683838
datasets/dataset/train/z1476237992994_3bf96f9ebd3401bd1fe7d47c861a9c0e_1.jpg,1,0.9987866282463074
datasets/dataset/train/z1485356570971_d30b5f7750ca1b67ca2200bdef1db704_0.jpg,1,0.9998594522476196
datasets/dataset/train/z1492871423287_f1ef52346393a72ac8b7868d1c5acd7f_0.jpg,0,0.9999010562896729
datasets/dataset/train/z1524767108850_f61dfe3f3011a4588b214bec0dea3937_0.jpg,0,0.9964545965194702
datasets/dataset/train/z1552050735250_fbfc0442c738f6912795afa1dbc4416f_0.jpg,1,0.9967952370643616
datasets/dataset/train/z1569439344181_11b0a7a83dc77c5acb7c0afddb41bf10_0.jpg,1,0.992398202419281
datasets/dataset/train/z1575958261558_9d6fa12ab75f89ac64b7355249c922a3_0.jpg,1,0.9999645948410034
datasets/dataset/train/z1578914956625_80670f25b5093b88a3027f0236720e06_0.jpg,1,0.997752845287323
datasets/dataset/train/z1580173376618_a40caf121cb76794ed4941cd07eeaeb3_0.jpg,1,0.9748269319534302
datasets/dataset/train/z1580669420990_454af5c75d1ef09c79c6db36f07edda5_0.jpg,1,0.9999295473098755
datasets/dataset/train/z1580754763916_059782a7ec0ad87a3ccfba4c6843b197_0.jpg,0,0.9996935129165649
datasets/dataset/train/z1581649472429_2a37873d30b2502d64fe887ed0319350_0.jpg,0,0.9998226761817932
datasets/dataset/train/z1600709518935_28b6a8645dae2bfcb0797c480503b4ac_0.jpg,0,0.9994843006134033
datasets/dataset/train/z1604784569588_d460f587e8a021746278588238ab66cd_0.jpg,0,0.9990691542625427
datasets/dataset/train/z1616663931647_2f575e12ddd9cc8ea6d6edb3f42f39ab_0.jpg,1,0.9987043142318726
datasets/dataset/train/z1630340281427_aa66fb7dc3747d81489d4bb0201ce6f9_0.jpg,0,0.9994226694107056
datasets/dataset/train/z1642378497634_37da94e7f49c84f537dc157339ef2f1a_0.jpg,1,0.9997287392616272
datasets/dataset/train/z1651663145208_38b735fc0312c5fcebfc3c22c433b277_0.jpg,0,0.9997401833534241
datasets/dataset/train/z1654063213993_7cd9f32f6872990346a9798f662f7aca_0.jpg,0,0.9998089671134949
datasets/dataset/train/z1669853767784_8abcf3ace41544fbd1d5d5b3dd49916a_0.jpg,1,0.9979130625724792
datasets/dataset/train/z1671521127938_10d075ccd32b56cd1ed48eb943f0a149_0.jpg,1,0.9999624490737915
datasets/dataset/train/z1673226798350_f0f819d83b251bc619293e6600cf9106_0.jpg,0,0.9999314546585083
datasets/dataset/train/z1676044907189_a055a440c3981552ab91beedd1d6a6eb_0.jpg,0,0.9981896281242371
datasets/dataset/train/z1683935824144_44222c883c7013b9da644d656e2a8ca4_0.jpg,0,0.9999790191650391
datasets/dataset/train/z1689180496170_6a0af74a00a498ade69bc4cdecece74c_0.jpg,0,0.9999091625213623
datasets/dataset/train/z1700976556537_ce65346e0d3f7deae61381e13d25a69d_0.jpg,0,0.9994328618049622
datasets/dataset/train/z1702211293317_2599649dd6e7c1a7b9c3d7ed418d18c7_0.jpg,1,0.9997062087059021
datasets/dataset/train/z1702590372828_8f87eccc10da60d7ea9b315e7bbcca3f_0.jpg,0,0.9995057582855225
datasets/dataset/train/z1726356658279_3c23beed0ef1d8cea0af850c92732d31_0.jpg,0,0.9999353885650635
datasets/dataset/train/z1745661785862_662e993909f8f92c8999eeed6da0635f_0.jpg,1,0.9999896287918091
datasets/dataset/train/z1748002031661_884212a0d2854748ec4143f03349c369_0.jpg,0,0.9991137385368347
datasets/dataset/train/z1765437720727_26cc07d22c488263d49ba9020ae78685_0.jpg,1,0.9990308284759521
datasets/dataset/train/z1765633264786_71e559c418631af68cd279df73331bdd_0.jpg,1,0.9998462200164795
datasets/dataset/train/z1766043104163_a0988774387eba88ca76cea3bcecf123_1.jpg,1,0.9993109703063965
datasets/dataset/train/z1766698443767_09eb72a0eac35509da261ff56c63f592_0.jpg,1,0.9999774694442749
datasets/dataset/train/z1774024499796_93b9b0bb96a77137ad4184d609b41a27_0.jpg,0,0.9997780919075012
datasets/dataset/train/z1775701386670_5895d647066da096857abe3d42c59943_0.jpg,1,0.9999145269393921
datasets/dataset/train/z1776228890624_11ca1ae154a498afea6dd7f844467723_0.jpg,0,0.9999473094940186
datasets/dataset/train/z1780626100286_229a9da4bb013d3ec971e0fc7ebed20c_0.jpg,1,0.9996159076690674
datasets/dataset/train/z1801004628635_08f49e22e6749198db709e66c173fde3_0.jpg,1,0.9999139308929443
datasets/dataset/train/z1813127396703_23e66e5584314817477f7882f733912a_0.jpg,1,0.9984082579612732
datasets/dataset/train/z1847636614310_4aa677eb82a060e46d98e45107192b70_0.jpg,1,0.9977193474769592
datasets/dataset/train/z1870925535340_4019eb65e55f1aeb25bc8fba323a00e6_0.jpg,1,0.9996607303619385
datasets/dataset/train/z1982889299189_a8f2f0a9539b0d080b439616c3168339_0.jpg,1,0.9999798536300659
datasets/dataset/train/z1984771574745_720ff47ece7f72360150d45d25cf1838_0.jpg,1,0.9997058510780334
datasets/dataset/train/z1984771579714_81c3d993bbf5237019d70ab882a998a4_1.jpg,1,0.9998303651809692
datasets/dataset/train/z2057080496070_4df16ccd473ca6799d2f9c91c493a65b_1.jpg,1,0.8535328507423401
datasets/dataset/train/z531576093366_8f3fda29589286fa7d9ce5627905a7fc.jpg,1,0.9991186261177063
datasets/dataset/train/z533433099522_8eb0cee83253e5c09bc729079c2c1497_0.jpg,1,0.9783887267112732
datasets/dataset/train/z533433372819_6e09433dab55fb125c6c1918f0841ec3_0.jpg,1,0.9984375834465027
datasets/dataset/train/z533433374986_2f155257af1f71173cf1a923c197598b_0.jpg,1,0.9950900077819824
datasets/dataset/train/z534270249691_5b6080baaa53bfc7d253e33939330156_0.jpg,1,0.9480236172676086
datasets/dataset/train/z541528835500_9ea9e0d1d395497118257430d8aef239_1.jpg,1,0.9928985834121704
datasets/dataset/train/z551974156020_a34ad4acba39d3613f714f0f15a7eb56_0.jpg,1,0.9695525169372559
datasets/dataset/train/z567526088401_7cbc62d6bf805c3d2e388cf87bc671e0_1.jpg,1,0.9994303584098816
datasets/dataset/train/z591812799571_3891cf7964e69ab1ca2a158aa6857abb_0.jpg,0,0.9842476844787598
datasets/dataset/train/z591813770223_a502e98f67e79491a423bcf6e329fa60_0.jpg,1,0.9995948672294617
datasets/dataset/train/z591813770363_4b9a06c54b4f05db755e0eacec236d10_0.jpg,0,0.997349739074707
datasets/dataset/train/z663570561329_42dabaa4c3587d0d17c90e8d9c3876c0_0.jpg,0,0.9987226128578186
datasets/dataset/train/z685478204282_8d3126110d8aae3f468941d98215ac2c_0.jpg,1,0.999657392501831
datasets/dataset/train/z694267188598_5fc099273a2cecf6732829e54291b138_0.jpg,1,0.9959502220153809
datasets/dataset/train/z703781055835_62802590605fa55cda11efb1cead5b3b_0.jpg,0,0.9974696636199951
datasets/dataset/train/z770788270512_1d83d3143309bf89d74b10abf2d5bdf4_0.jpg,1,0.9999678134918213
datasets/dataset/train/z776026930668_fa617afd87197417894e8c679e5e5d62_0.jpg,1,0.9995803236961365
datasets/dataset/train/z782380696570_07ed9dea7147890758c3e2054d2a9538_0.jpg,1,0.9999783039093018
datasets/dataset/train/z786023933745_09a681ea9482f4d13db21d92c770f28d dated_0.jpg,0,0.9976456761360168
datasets/dataset/train/z792241892678_8859f0f1985443c1f620736bb1038084_0.jpg,0,0.9982580542564392
datasets/dataset/train/z793142113256_d34482ab9521a997a076852745f3304d_0.jpg,1,0.9998432397842407
datasets/dataset/train/z800861086002_d6ce5804e16d21d1ddb3ed8be158a606_0.jpg,1,0.9990062117576599
